year,brand,model_name,price,distance_travelled(kms),fuel_type,city,brand_rank,car_age
2016,7,28,425000.0,9680.0,3,9,7,5.0
2012,23,129,325000.0,119120.0,1,9,11,9.0
2017,28,69,2650000.0,64593.0,1,14,1,4.0
2017,21,51,4195000.0,25000.0,1,9,2,4.0
2012,8,144,475000.0,23800.0,1,9,14,9.0
2012,8,167,335000.0,45000.0,3,9,14,9.0
2019,28,80,750000.0,19500.0,3,9,1,2.0
2018,21,76,5500000.0,32000.0,1,9,2,3.0
2017,8,81,565000.0,44329.0,3,9,14,4.0
2015,20,131,510000.0,48286.0,3,9,32,6.0
2015,8,161,465000.00000000006,24935.0,3,9,14,6.0
2016,28,87,1485000.0,59758.0,1,9,1,5.0
2017,20,25,610000.0,40119.0,3,9,32,4.0
2016,25,109,365000.0,22625.0,3,9,15,5.0
2017,20,25,699000.0,16540.0,3,9,32,4.0
2016,8,161,595000.0,41280.0,3,9,14,5.0
2016,28,43,1035000.0,97679.0,3,9,1,5.0
2015,20,131,575000.0,43000.0,1,9,32,6.0
2015,29,108,480000.0,14846.0,3,9,3,6.0
2017,7,146,749000.0,28771.0,3,9,7,4.0
2018,7,146,749000.0,33443.0,3,9,7,3.0
2010,20,116,265000.0,24000.0,3,9,32,11.0
2013,8,81,340000.0,44380.0,3,9,14,8.0
2016,26,115,675000.0,58000.0,1,9,27,5.0
2016,7,38,685000.0,69380.0,1,9,7,5.0
2016,20,36,445000.0,39500.0,3,9,32,5.0
2012,1,0,925000.0,74460.0,1,9,4,9.0
2017,21,76,4550000.0,42442.0,1,9,2,4.0
2014,29,141,485000.0,65327.0,3,9,3,7.0
2016,7,88,635000.0,19768.0,3,9,7,5.0
2016,27,102,215000.0,2814.0,3,9,40,5.0
2015,8,81,445000.0,20100.0,3,9,14,6.0
2015,21,74,1950000.0,52717.0,1,9,2,6.0
2015,8,81,445000.0,20100.0,3,9,14,6.0
2012,20,8,275000.0,46646.0,3,9,32,9.0
2014,0,111,1875000.0,49000.0,1,9,10,7.0
2018,21,76,5500000.0,32000.0,1,9,2,3.0
2020,1,148,3500000.0,5550.0,3,9,4,1.0
2010,1,164,2900000.0,48000.0,3,9,4,11.0
2016,0,9,1525000.0,31000.0,1,9,10,5.0
2012,0,10,975000.0,61000.0,3,9,10,9.0
2014,1,149,2350000.0,65000.0,1,9,4,7.0
2010,2,41,7600000.0,49000.0,3,9,44,11.0
2014,0,110,1470000.0,78000.0,1,9,10,7.0
2010,0,112,1550000.0,82000.0,1,9,10,11.0
2017,21,74,2350000.0,24000.0,3,9,2,4.0
2013,21,51,3850000.0,6000.0,3,9,2,8.0
2016,21,74,2000000.0,33000.0,3,9,2,5.0
2014,0,112,2250000.0,107000.0,1,9,10,7.0
2015,1,0,2125000.0,71000.0,1,9,4,6.0
2015,21,51,1900000.0,94000.0,1,9,2,6.0
2012,21,51,1250000.0,55000.0,3,9,2,9.0
2013,0,10,1150000.0,79000.0,1,9,10,8.0
2014,0,11,1550000.0,71000.0,1,9,10,7.0
2012,21,51,1125000.0,65000.0,3,9,2,9.0
2018,21,51,4250000.0,34000.0,3,9,2,3.0
2013,0,112,2175000.0,80000.0,1,9,10,8.0
2010,21,51,975000.0,67000.0,3,9,2,11.0
2009,1,5,1850000.0,27000.0,3,9,4,12.0
2014,0,11,1650000.0,76000.0,1,9,10,7.0
2018,6,57,2900000.0,11100.0,1,14,8,3.0
2006,20,131,175000.0,79915.0,3,14,32,15.0
2013,20,131,449000.0,67664.0,1,9,32,8.0
2016,18,160,1275000.0,72000.0,1,9,24,5.0
2018,1,148,2500000.0,33500.0,1,3,4,3.0
2016,1,164,4850000.0,26700.0,3,3,4,5.0
2017,10,64,3700000.0,45700.0,1,3,40,4.0
2018,10,155,3500000.0,23500.0,1,3,40,3.0
2012,13,79,12500000.0,14500.0,3,3,45,9.0
2020,17,44,3850000.0,6517.0,3,3,39,1.0
2014,21,29,2700000.0,22000.0,3,3,2,7.0
2017,21,29,2900000.0,44000.0,1,3,2,4.0
2018,0,11,3750000.0,22000.0,1,3,10,3.0
2015,1,5,3700000.0,66000.0,1,3,4,6.0
2015,1,5,3700000.0,48000.0,1,3,4,6.0
2013,1,5,2900000.0,59000.0,1,3,4,8.0
2012,14,63,1900000.0,127000.0,1,3,18,9.0
2018,14,63,4900000.0,19500.0,1,3,18,3.0
2018,14,63,4800000.0,29500.0,1,3,18,3.0
2016,21,117,5700000.0,56500.0,1,3,2,5.0
2015,25,95,565000.0,85400.0,1,9,15,6.0
2013,7,38,418000.0,98602.0,3,9,7,8.0
2016,21,30,2150000.0,28000.0,3,9,2,5.0
2021,8,45,2095000.0,7500.0,1,9,14,0.0
2016,10,64,3750000.0,33000.0,1,9,40,5.0
2021,8,45,2050000.0,4500.0,3,9,14,0.0
2015,1,0,1825000.0,65000.0,1,9,4,6.0
2008,0,112,850000.0,84500.0,1,9,10,13.0
2011,21,117,1650000.0,55000.0,1,9,2,10.0
2012,0,111,1350000.0,99000.0,1,9,10,9.0
2012,0,12,2750000.0,25000.0,1,9,10,9.0
2011,1,5,1650000.0,65000.0,3,9,4,10.0
2012,21,117,1950000.0,71000.0,1,9,2,9.0
2013,21,23,1050000.0,67000.0,3,9,2,8.0
2007,1,0,425000.0,48000.0,1,9,4,14.0
2016,21,117,5700000.0,56500.0,1,3,2,5.0
2012,14,63,1900000.0,127000.0,1,3,18,9.0
2018,14,63,4900000.0,19500.0,1,3,18,3.0
2018,14,63,4800000.0,29500.0,1,3,18,3.0
2010,21,51,1050000.0,55000.0,3,9,2,11.0
2015,21,7,1375000.0,61000.0,1,9,2,6.0
2019,1,148,3499000.0,26000.0,1,9,4,2.0
2019,1,3,4975000.0,25000.0,1,9,4,2.0
2010,28,43,375000.0,46000.0,3,9,1,11.0
2010,0,111,999000.0,59000.0,3,9,10,11.0
2015,14,63,2600000.0,77000.0,1,9,18,6.0
2017,28,87,1575000.0,60000.0,1,9,1,4.0
2014,28,87,950000.0,91000.0,1,9,1,7.0
2015,17,42,2500000.0,14000.0,1,9,39,6.0
2017,23,133,690000.0,21000.0,3,9,11,4.0
2017,6,57,2975000.0,12000.0,1,9,8,4.0
2008,1,0,450000.0,70000.0,3,9,4,13.0
2016,8,45,1090000.0,39000.0,3,9,14,5.0
2012,1,149,1675000.0,59000.0,1,9,4,9.0
2014,7,32,1200000.0,108200.0,3,9,7,7.0
2014,14,70,1950000.0,61000.0,1,9,18,7.0
2015,20,37,575000.0,52000.0,3,9,32,6.0
2010,3,26,115000.0,82000.0,3,9,12,11.0
2017,28,87,1760000.0000000002,56089.0,1,14,1,4.0
2014,0,110,1650000.0,45095.0,1,14,10,7.0
2017,18,91,575000.0,12321.0,1,14,24,4.0
2017,18,160,1325000.0,67894.0,1,14,24,4.0
2014,25,49,625000.0,44835.0,1,14,15,7.0
2013,28,69,1451000.0,118363.0,1,14,1,8.0
2015,8,167,525000.0,98877.0,3,14,14,6.0
2019,4,168,310000.0,41298.0,3,14,50,2.0
2016,20,25,675000.0,57209.0,1,14,32,5.0
2017,7,88,610000.0,49390.0,3,14,7,4.0
2013,23,129,345000.0,30477.0,3,14,11,8.0
2012,29,108,325000.0,49000.0,3,9,3,9.0
2016,27,135,465000.00000000006,19000.0,3,9,40,5.0
2020,27,16,815000.0,7500.0,3,9,40,1.0
2018,18,132,775000.0,54989.0,1,14,24,3.0
2017,20,145,891000.0,22388.0,1,14,32,4.0
2015,7,38,660000.0,46475.0,3,14,7,6.0
2014,28,62,350000.0,31913.0,3,14,1,7.0
2015,8,81,470000.0,55474.0,3,14,14,6.0
2014,6,67,335000.0,68051.0,1,14,8,7.0
2011,7,38,345000.0,44000.0,3,9,7,10.0
2011,7,39,345000.0,36500.0,3,9,7,10.0
2018,17,44,3445000.0000000005,3900.0,1,9,39,3.0
2012,26,115,335000.0,37000.0,3,9,27,9.0
2018,8,167,790000.0,42000.0,1,9,14,3.0
2019,11,40,1450000.0,39500.0,1,9,19,2.0
2017,8,56,595000.0,32000.0,3,9,14,4.0
2012,20,116,315000.0,56452.0,3,9,32,9.0
2015,21,29,2500000.0,22341.0,1,9,2,6.0
2018,18,27,655000.0,85000.0,1,9,24,3.0
2018,18,27,675000.0,58000.0,1,9,24,3.0
2014,21,29,1750000.0,21212.0,1,9,2,7.0
2012,20,122,315000.0,68890.0,3,9,32,9.0
2016,24,35,7800000.0,31000.0,1,9,5,5.0
2012,7,38,489000.0,49000.0,3,10,7,9.0
2007,21,29,375000.0,115140.0,3,9,2,14.0
2013,0,111,1600000.0,74000.0,1,3,10,8.0
2014,0,112,2800000.0,54500.0,1,3,10,7.0
2015,1,3,2350000.0,77000.0,1,3,4,6.0
2013,0,10,1450000.0,63700.0,1,3,10,8.0
2013,0,11,1650000.0,64000.0,1,3,10,8.0
2018,0,110,2800000.0,43000.0,1,3,10,3.0
2020,14,63,5900000.0,9000.0,1,3,18,1.0
2016,30,140,1750000.0,78000.0,1,3,9,5.0
2011,3,26,171000.0,31000.0,3,9,12,10.0
2011,26,130,390000.0,54000.0,3,9,27,10.0
2009,28,87,525000.0,65000.0,1,9,1,12.0
2015,28,87,1050000.0,18000.0,1,9,1,6.0
2015,18,160,890000.0,53000.0,1,9,24,6.0
2015,7,32,1325000.0,42000.0,3,9,7,6.0
2020,8,45,1990000.0,7800.0,1,9,14,1.0
2017,8,56,550000.0,20000.0,3,9,14,4.0
2018,20,50,785000.0,27000.0,1,14,32,3.0
2013,0,112,2050000.0,43000.0,1,9,10,8.0
2015,1,0,2350000.0,37000.0,1,9,4,6.0
2018,18,160,1445000.0,34000.0,1,9,24,3.0
2017,8,45,995000.0,38000.0,3,9,14,4.0
2017,21,30,4300000.0,17000.0,3,3,2,4.0
2018,18,160,1445000.0,34000.0,1,9,24,3.0
2017,8,45,995000.0,38000.0,3,9,14,4.0
2009,28,87,525000.0,65000.0,1,9,1,12.0
2011,3,26,171000.0,31000.0,3,9,12,10.0
2017,8,56,550000.0,20000.0,3,9,14,4.0
2020,8,45,1990000.0,7800.0,1,9,14,1.0
2020,8,45,2025000.0,9000.0,3,9,14,1.0
2014,21,117,4700000.0,49000.0,1,10,2,7.0
2019,8,45,1550000.0,10500.0,3,10,14,2.0
2018,7,88,640000.0,33000.0,3,10,7,3.0
2013,20,122,399000.0,47284.0,3,9,32,8.0
2015,29,141,521000.0,62618.0,3,9,3,6.0
2020,21,29,4750000.0,4200.0,1,9,2,1.0
2017,8,144,675000.0,31414.0,3,9,14,4.0
2016,8,56,650000.0,24694.0,3,9,14,5.0
2013,8,166,325000.0,29708.0,3,9,14,8.0
2012,28,62,375000.0,40200.0,3,14,1,9.0
2015,28,87,1030000.0,156334.0,1,14,1,6.0
2013,20,116,365000.0,32000.0,3,14,32,8.0
2021,20,25,900000.0,350.0,3,9,32,0.0
2015,27,165,495000.0,61649.0,1,14,40,6.0
2016,7,24,855000.0000000001,28367.0,3,14,7,5.0
2019,20,118,985000.0,33997.0,1,14,32,2.0
2011,7,38,465000.00000000006,47209.0,3,14,7,10.0
2013,8,55,675000.0,62812.0,1,14,14,8.0
2014,20,37,645000.0,52204.0,3,14,32,7.0
2011,7,28,295000.0,39295.0,3,14,7,10.0
2017,8,81,521000.0,54803.0,3,14,14,4.0
2014,28,87,975000.0,150116.0,1,14,1,7.0
2016,20,25,621000.0,48968.0,3,14,32,5.0
2017,20,145,894999.9999999999,43494.0,1,14,32,4.0
2017,23,129,635000.0,41584.0,3,14,11,4.0
2016,8,45,1145000.0,56839.0,1,14,14,5.0
2012,8,166,315000.0,34600.0,3,14,14,9.0
2014,25,49,545000.0,77082.0,1,14,15,7.0
2016,20,37,615000.0,52000.0,1,9,32,5.0
2014,0,110,1455000.0,65000.0,1,9,10,7.0
2012,8,167,349000.0,84000.0,1,10,14,9.0
2017,20,37,775000.0,39535.0,1,14,32,4.0
2015,28,62,499000.0,39792.0,3,14,1,6.0
2016,28,43,1095000.0,31552.0,3,14,1,5.0
2015,8,144,725000.0,37399.0,3,14,14,6.0
2012,28,87,765000.0,158359.0,1,14,1,9.0
2016,20,25,699000.0,22272.0,3,14,32,5.0
2017,18,160,1545000.0,39700.0,1,14,24,4.0
2017,8,45,1195000.0,30958.0,3,14,14,4.0
2018,7,146,894999.9999999999,32202.0,1,14,7,3.0
2018,14,48,4190000.0,65000.0,1,9,18,3.0
2018,21,30,3000000.0,10000.0,1,9,2,3.0
2020,29,108,1025000.0,2608.0,3,9,3,1.0
2021,26,130,3495000.0000000005,7500.0,3,9,27,0.0
2018,21,30,2795000.0,34000.0,1,9,2,3.0
2016,18,160,1325000.0,41000.0,1,9,24,5.0
2007,7,32,290000.0,195000.0,3,9,7,14.0
2017,8,45,1100000.0,43100.0,3,9,14,4.0
2018,21,30,2650000.0,17300.0,3,9,2,3.0
2012,7,14,450000.0,61700.0,3,9,7,9.0
2016,20,131,650000.0,68003.0,1,9,32,5.0
2016,21,29,2200000.0,85000.0,1,9,2,5.0
2009,8,144,197000.0,98000.0,1,9,14,12.0
2014,1,148,1275000.0,45000.0,1,9,4,7.0
2015,29,141,615000.0,33000.0,3,9,3,6.0
2018,7,24,1045000.0,4000.0,3,9,7,3.0
2012,28,62,325000.0,54215.0,4,9,1,9.0
2018,7,38,1051000.0,47000.0,3,9,7,3.0
2018,20,145,975000.0,19000.0,1,9,32,3.0
2015,8,167,695000.0,30000.0,1,9,14,6.0
2012,18,125,567000.0,88000.0,1,9,24,9.0
2018,1,151,5675000.0,21000.0,1,9,4,3.0
2018,14,63,4500000.0,40000.0,1,9,18,3.0
2010,20,61,145000.0,78500.0,3,9,32,11.0
2019,27,135,475000.0,11733.0,3,4,40,2.0
2013,8,144,450000.0,41931.0,3,4,14,8.0
2018,21,51,5175000.0,14880.0,1,4,2,3.0
2014,7,28,300000.0,41606.0,3,11,7,7.0
2018,11,40,1650000.0,16000.0,3,6,19,3.0
2012,10,156,2050000.0,27300.0,1,12,40,9.0
2017,1,148,2700000.0,18500.0,1,4,4,4.0
2014,26,115,445000.0,32000.0,3,4,27,7.0
2013,20,61,215000.0,56567.0,3,4,32,8.0
2014,8,81,365000.0,51000.0,3,4,14,7.0
2015,28,87,925000.0,790000.0,1,4,1,6.0
2009,8,124,150000.0,43000.0,3,4,14,12.0
2009,7,38,260000.0,83000.0,3,4,7,12.0
2011,18,125,465000.00000000006,720000.0,1,4,24,10.0
2015,17,42,1700000.0,45000.0,3,4,39,6.0
2017,18,160,1200000.0,28000.0,1,4,24,4.0
2017,8,45,975000.0,55000.0,3,4,14,4.0
2017,20,145,825000.0,39000.0,1,4,32,4.0
2016,1,0,2500000.0,20000.0,1,4,4,5.0
2008,7,32,390000.0,97000.0,3,4,7,13.0
2019,1,4,5500000.0,18000.0,3,4,4,2.0
2015,4,78,260000.0,54000.0,3,11,50,6.0
2012,29,107,590000.0,88000.0,1,4,3,9.0
2014,1,0,1390000.0,66000.0,1,4,4,7.0
2010,7,88,265000.0,57000.0,3,4,7,11.0
2007,20,147,62500.0,75000.0,3,4,32,14.0
2018,21,29,3500000.0,13000.0,1,4,2,3.0
2017,18,160,1175000.0,59700.0,1,4,24,4.0
2015,29,108,565000.0,57000.0,3,4,3,6.0
2014,8,81,385000.0,34000.0,3,4,14,7.0
2014,7,28,450000.0,68000.0,3,4,7,7.0
2020,8,45,1875000.0,8000.0,3,4,14,1.0
2018,18,91,545000.0,32000.0,1,4,24,3.0
2012,29,90,615000.0,59000.0,1,4,3,9.0
2012,27,102,65000.0,18000.0,3,6,40,9.0
2017,18,160,1050000.0,68000.0,1,4,24,4.0
2016,20,37,599000.0,53357.0,1,6,32,5.0
2016,8,81,425000.0,64000.0,1,4,14,5.0
2017,28,69,2990000.0,38000.0,1,4,1,4.0
2012,21,51,1260000.0,54000.0,3,4,2,9.0
2016,26,130,1650000.0,51000.0,3,4,27,5.0
2018,7,38,1025000.0,31000.0,3,4,7,3.0
2012,7,28,299000.0,85000.0,3,11,7,9.0
2021,27,123,2190000.0,5500.0,1,4,40,0.0
2015,6,53,495000.0,69000.0,3,11,8,6.0
2018,7,38,890000.0,17000.0,3,4,7,3.0
2013,20,131,350000.0,72000.0,1,4,32,8.0
2017,20,25,525000.0,60000.0,3,4,32,4.0
2019,7,38,1200000.0,30500.0,3,4,7,2.0
2020,25,92,445000.0,11000.0,3,11,15,1.0
2017,21,51,2700000.0,41000.0,1,4,2,4.0
2017,6,53,575000.0,60956.0,3,4,8,4.0
2018,8,56,655000.0,30834.0,3,4,14,3.0
2017,7,88,575000.0,28000.0,3,4,7,4.0
2018,20,145,790000.0,39000.0,1,4,32,3.0
2014,20,36,345000.0,65000.0,3,4,32,7.0
2015,8,45,835000.0,69000.0,1,4,14,6.0
2015,1,5,3700000.0,66000.0,1,3,4,6.0
2015,1,5,3700000.0,48000.0,1,3,4,6.0
2013,1,5,2900000.0,59000.0,1,3,4,8.0
2018,1,148,2500000.0,33500.0,1,3,4,3.0
2016,1,164,4850000.0,26700.0,3,3,4,5.0
2017,10,64,3700000.0,45700.0,1,3,40,4.0
2018,10,155,3500000.0,23500.0,1,3,40,3.0
2012,13,79,12500000.0,14500.0,3,3,45,9.0
2020,17,44,3850000.0,6517.0,3,3,39,1.0
2014,21,29,2700000.0,22000.0,3,3,2,7.0
2017,21,29,2900000.0,44000.0,1,3,2,4.0
2018,0,11,3750000.0,22000.0,1,3,10,3.0
2013,0,112,1675000.0,50000.0,1,4,10,8.0
2020,16,83,1950000.0,4500.0,3,4,81,1.0
2018,20,145,769000.0,47201.0,1,4,32,3.0
2017,20,145,825000.0,18500.0,1,4,32,4.0
2017,25,92,345000.0,17453.0,3,4,15,4.0
2015,0,110,1650000.0,67000.0,1,4,10,6.0
2019,8,45,975000.0,18854.0,3,4,14,2.0
2017,27,135,395000.0,32445.0,3,4,40,4.0
2012,20,131,245000.00000000003,66000.0,1,6,32,9.0
2020,8,45,1689999.9999999998,14320.0,3,4,14,1.0
2017,20,145,825000.0,18500.0,1,4,32,4.0
2020,20,145,860000.0,12240.0,3,6,32,1.0
2011,20,131,260000.0,55000.0,4,4,32,10.0
2015,0,110,1650000.0,67000.0,1,4,10,6.0
2014,25,49,445000.0,71000.0,1,11,15,7.0
2017,25,92,345000.0,17453.0,3,4,15,4.0
2020,20,147,565000.0,7823.0,3,4,32,1.0
2020,20,37,1085000.0,8000.0,1,4,32,1.0
2014,7,28,300000.0,41606.0,3,11,7,7.0
2013,0,112,1675000.0,50000.0,1,4,10,8.0
2019,8,45,975000.0,18854.0,3,4,14,2.0
2012,20,131,245000.00000000003,66000.0,1,6,32,9.0
2020,8,45,1689999.9999999998,14320.0,3,4,14,1.0
2014,8,81,365000.0,40000.0,3,11,14,7.0
2015,0,11,1975000.0,75000.0,1,4,10,6.0
2019,8,45,1475000.0,10000.0,3,4,14,2.0
2017,0,112,5900000.0,31000.0,1,4,10,4.0
2019,0,110,3100000.0,14000.0,1,4,10,2.0
2018,1,148,2750000.0,21000.0,1,4,4,3.0
2017,6,100,7200000.0,17000.0,3,4,8,4.0
2015,21,121,3750000.0,32000.0,3,4,2,6.0
2018,1,5,6950000.0,31000.0,1,4,4,3.0
2019,10,155,3300000.0,27000.0,1,4,40,2.0
2019,1,3,5500000.0,9800.0,1,4,4,2.0
2018,1,5,6950000.0,31000.0,1,4,4,3.0
2019,10,155,3300000.0,27000.0,1,4,40,2.0
2019,1,3,5500000.0,9800.0,1,4,4,2.0
2012,26,115,380000.0,30000.0,3,4,27,9.0
2016,21,117,6800000.0,30000.0,3,4,2,5.0
2020,1,152,11500000.0,12000.0,1,4,4,1.0
2019,29,141,1050000.0,38000.0,3,4,3,2.0
2018,24,6,8600000.0,4000.0,3,5,5,3.0
2018,28,87,2050000.0,80000.0,1,4,1,3.0
2012,0,111,1625000.0,14500.0,1,4,10,9.0
2015,14,63,2850000.0,41000.0,1,4,18,6.0
2016,21,30,1851000.0,43000.0,3,4,2,5.0
2018,1,0,3750000.0,18000.0,3,4,4,3.0
2012,27,20,425000.0,2700.0,1,4,40,9.0
2019,21,30,2800000.0,23000.0,1,4,2,2.0
2019,10,64,5100000.0,13000.0,1,4,40,2.0
2020,1,5,12100000.0,12000.0,3,4,4,1.0
2020,11,40,2400000.0,17000.0,1,4,19,1.0
2019,6,57,3000000.0,40000.0,1,4,8,2.0
2018,1,148,2900000.0,32000.0,1,4,4,3.0
2015,0,11,1975000.0,75000.0,1,4,10,6.0
2019,8,45,1475000.0,10000.0,3,4,14,2.0
2018,7,88,695000.0,32000.0,3,0,7,3.0
2014,0,11,1465000.0,75000.0,1,4,10,7.0
2017,18,160,1275000.0,70000.0,1,4,24,4.0
2012,21,51,1260000.0,54000.0,3,4,2,9.0
2018,14,1,14700000.0,25000.0,1,4,18,3.0
2018,28,93,14500000.0,90000.0,1,4,1,3.0
2020,21,75,5800000.0,12000.0,1,4,2,1.0
2019,6,100,7100000.0,7000.0,3,4,8,2.0
2019,15,101,5200000.0,30000.0,3,4,16,2.0
2019,0,112,7300000.0,9000.0,1,4,10,2.0
2021,18,134,1811000.0,490.0,3,4,24,0.0
2017,15,52,3790000.0,16000.0,3,4,16,4.0
2015,0,11,2150000.0,14000.0,1,4,10,6.0
2008,1,3,485000.0,64000.0,3,4,4,13.0
2020,21,77,8400000.0,14800.0,1,4,2,1.0
2014,20,60,550000.0,98500.0,1,8,32,7.0
2018,21,74,2850000.0,55000.0,1,8,2,3.0
2019,20,50,875000.0,15500.0,1,8,32,2.0
2014,8,144,550000.0,115000.0,1,8,14,7.0
2013,0,111,1600000.0,74000.0,1,3,10,8.0
2014,0,112,2800000.0,54500.0,1,3,10,7.0
2015,1,3,2350000.0,77000.0,1,3,4,6.0
2013,0,10,1450000.0,63700.0,1,3,10,8.0
2013,0,11,1650000.0,64000.0,1,3,10,8.0
2018,0,110,2800000.0,43000.0,1,3,10,3.0
2019,28,69,2675000.0,85000.0,1,8,1,2.0
2019,6,53,950000.0,6372.0,3,4,8,2.0
2011,28,43,365000.0,35000.0,3,4,1,10.0
2019,29,19,495000.0,38000.0,3,11,3,2.0
2015,20,131,449000.0,67800.0,3,4,32,6.0
2017,20,145,745000.0,67000.0,1,11,32,4.0
2017,28,87,1571000.0,73009.0,3,4,1,4.0
2017,1,148,2575000.0,60000.0,1,4,4,4.0
2019,14,128,12300000.0,17000.0,1,4,18,2.0
2018,28,69,3075000.0,25000.0,3,4,1,3.0
2018,1,3,3950000.0,55000.0,1,4,4,3.0
2016,7,38,800000.0,38000.0,3,4,7,5.0
2019,0,9,2550000.0,15000.0,3,4,10,2.0
2012,0,112,1650000.0,65000.0,1,4,10,9.0
2015,20,25,465000.00000000006,58000.0,3,11,32,6.0
2019,28,87,2325000.0,38000.0,1,4,1,2.0
2019,27,82,1625000.0,12000.0,1,4,40,2.0
2018,20,37,894999.9999999999,27000.0,3,4,32,3.0
2017,21,30,4300000.0,17000.0,3,3,2,4.0
2016,30,140,1750000.0,78000.0,1,3,9,5.0
2018,21,51,4700000.0,38200.0,1,3,2,3.0
2020,14,63,5900000.0,9000.0,1,3,18,1.0
2018,21,75,4500000.0,43000.0,1,3,2,3.0
2019,21,117,11000000.0,7111.0,1,3,2,2.0
2015,21,74,2050000.0,18000.0,3,3,2,6.0
2018,21,75,4500000.0,43000.0,1,3,2,3.0
2018,21,51,4700000.0,38200.0,1,3,2,3.0
2014,21,7,1275000.0,56000.0,1,4,2,7.0
2017,21,30,2575000.0,22500.0,1,4,2,4.0
2010,22,105,550000.0,75000.0,3,4,46,11.0
2018,1,3,4200000.0,24000.0,1,4,4,3.0
2014,0,112,2390000.0,57000.0,1,4,10,7.0
2020,21,75,5700000.0,9000.0,1,4,2,1.0
2019,28,87,2175000.0,15800.0,3,4,1,2.0
2019,7,38,1145000.0,21963.0,3,4,7,2.0
2013,8,81,370000.0,49350.0,3,4,14,8.0
2019,18,125,1675000.0,53500.0,1,8,24,2.0
2018,11,40,1650000.0,16000.0,3,6,19,3.0
2012,7,28,235000.0,65000.0,3,11,7,9.0
2019,16,83,1639999.9999999998,24000.0,3,4,81,2.0
2019,20,25,635000.0,13000.0,3,4,32,2.0
2010,20,147,125000.0,71000.0,3,4,32,11.0
2017,1,151,4700000.0,47000.0,3,4,4,4.0
2018,20,37,910000.0,34000.0,3,4,32,3.0
2017,7,146,720000.0,73000.0,1,4,7,4.0
2018,20,25,635000.0,70000.0,1,4,32,3.0
2021,18,134,1850000.0,4000.0,3,4,24,0.0
2010,7,38,310000.0,58000.0,3,4,7,11.0
2016,20,131,460000.0,29000.0,3,4,32,5.0
2019,10,155,3390000.0,18000.0,3,4,40,2.0
2018,21,51,5175000.0,14880.0,1,4,2,3.0
2019,20,36,535000.0,45000.0,0,4,32,2.0
2012,20,131,320000.0,80000.0,3,4,32,9.0
2020,21,30,3000000.0,4000.0,1,4,2,1.0
2009,20,147,135000.0,75000.0,3,4,32,12.0
2019,20,25,635000.0,13000.0,3,4,32,2.0
2018,20,37,910000.0,34000.0,3,4,32,3.0
2017,6,57,2750000.0,50000.0,1,4,8,4.0
2020,12,126,1850000.0,5800.0,3,4,20,1.0
2017,1,151,4700000.0,47000.0,3,4,4,4.0
2016,6,100,7300000.0,23000.0,3,4,8,5.0
2014,7,28,325000.0,52000.0,3,4,7,7.0
2017,7,146,720000.0,73000.0,1,4,7,4.0
2018,20,25,635000.0,70000.0,1,4,32,3.0
2014,8,81,395000.0,23000.0,3,4,14,7.0
2017,1,148,2350000.0,48000.0,1,4,4,4.0
2020,21,51,5600000.0,8000.0,1,4,2,1.0
2020,16,83,1825000.0,45000.0,3,4,81,1.0
2011,8,166,225000.0,71000.0,4,4,14,10.0
2016,25,49,545000.0,50000.0,1,4,15,5.0
2010,7,38,310000.0,58000.0,3,4,7,11.0
2016,20,131,460000.0,29000.0,3,4,32,5.0
2012,8,166,245000.00000000003,52000.0,3,4,14,9.0
2017,6,57,2950000.0,31000.0,1,4,8,4.0
2019,20,25,635000.0,13000.0,3,4,32,2.0
2017,6,57,2750000.0,50000.0,1,4,8,4.0
2020,12,126,1850000.0,5800.0,3,4,20,1.0
2017,1,151,4700000.0,47000.0,3,4,4,4.0
2016,6,100,7300000.0,23000.0,3,4,8,5.0
2012,8,166,245000.00000000003,52000.0,3,4,14,9.0
2010,7,38,310000.0,58000.0,3,4,7,11.0
2016,20,131,460000.0,29000.0,3,4,32,5.0
2015,8,56,550000.0,55000.0,1,4,14,6.0
2018,0,110,2750000.0,37000.0,1,6,10,3.0
2014,3,26,195000.0,39000.0,1,4,12,7.0
2015,7,18,390000.0,61000.0,3,6,7,6.0
2014,29,108,385000.0,85000.0,1,4,3,7.0
2019,26,104,1999000.0,51000.0,1,4,27,2.0
2015,21,97,2900000.0,47000.0,1,4,2,6.0
2015,29,108,550000.0,67000.0,3,4,3,6.0
2018,18,160,1075000.0,23000.0,1,4,24,3.0
2016,7,18,435000.0,52000.0,3,4,7,5.0
2012,7,38,425000.0,80000.0,3,4,7,9.0
2010,20,122,225000.0,72000.0,3,6,32,11.0
2013,21,73,2650000.0,68000.0,1,5,2,8.0
2019,18,159,925000.0,25000.0,1,4,24,2.0
2015,25,95,650000.0,65349.0,1,1,15,6.0
2018,8,45,1395000.0,55627.0,1,1,14,3.0
2007,7,38,325000.0,76890.0,3,1,7,14.0
2010,26,130,675000.0,61000.0,3,1,27,11.0
2017,20,25,735000.0,33905.0,3,1,32,4.0
2019,1,151,6600000.0,26000.0,1,1,4,2.0
2014,18,160,915000.0,52255.0,1,1,24,7.0
2010,8,166,280000.0,72799.0,3,1,14,11.0
2017,8,81,585000.0,27805.0,3,1,14,4.0
2017,20,25,735000.0,33984.0,3,1,32,4.0
2017,8,81,599000.0,35876.0,3,1,14,4.0
2018,8,45,1450000.0,26966.0,3,1,14,3.0
2016,20,131,695000.0,47057.0,3,1,32,5.0
2018,18,160,1425000.0,53636.0,1,1,24,3.0
2013,7,32,1399000.0,94055.0,3,1,7,8.0
2019,20,131,745000.0,18680.0,3,1,32,2.0
2018,18,160,1425000.0,53636.0,1,1,24,3.0
2018,20,131,680000.0,39792.0,3,1,32,3.0
2017,8,45,1145000.0,61307.0,3,1,14,4.0
2018,18,160,1795000.0,53769.0,1,1,24,3.0
2016,20,131,595000.0,51016.0,3,1,32,5.0
2018,20,145,935000.0,30356.0,1,1,32,3.0
2015,26,115,745000.0,60997.0,1,1,27,6.0
2013,7,32,1399000.0,94030.0,3,1,7,8.0
2017,8,45,1299000.0,60559.0,1,1,14,4.0
2017,8,45,1185000.0,68796.0,1,1,14,4.0
2017,29,141,945000.0,42876.0,1,1,3,4.0
2019,18,160,1785000.0000000002,28713.0,1,1,24,2.0
2017,8,81,599000.0,35855.0,3,1,14,4.0
2018,8,45,1345000.0,36986.0,3,1,14,3.0
2018,8,45,1295000.0,26605.0,3,1,14,3.0
2018,8,45,1345000.0,50192.0,3,1,14,3.0
2013,28,43,725000.0,44862.0,3,1,1,8.0
2017,8,45,1165000.0,74848.0,3,1,14,4.0
2018,20,37,949000.0,15133.0,3,1,32,3.0
2018,7,38,925000.0,40542.0,3,1,7,3.0
2017,20,25,735000.0,33905.0,3,1,32,4.0
2018,8,45,1395000.0,55627.0,1,1,14,3.0
2021,16,83,2150000.0,10860.0,1,1,81,0.0
2017,8,45,1345000.0,52165.0,1,1,14,4.0
2018,8,45,1395000.0,36412.0,3,1,14,3.0
2018,8,45,1395000.0,55692.0,1,1,14,3.0
2017,8,45,1145000.0,61252.0,3,1,14,4.0
2017,8,45,1175000.0,31663.0,3,1,14,4.0
2017,5,22,740000.0,15440.0,1,1,43,4.0
2020,18,134,1685000.0000000002,10035.0,1,1,24,1.0
2013,8,166,335000.0,45654.0,3,1,14,8.0
2017,25,92,410000.0,13839.0,3,1,15,4.0
2015,23,99,465000.00000000006,13123.0,3,1,11,6.0
2018,20,54,435000.0,41581.0,3,1,32,3.0
2013,8,59,290000.0,35421.0,3,1,14,8.0
2016,7,88,580000.0,44814.0,3,1,7,5.0
2016,8,68,699000.0,42811.0,3,1,14,5.0
2016,20,37,750000.0,45949.0,3,1,32,5.0
2015,20,15,375000.0,18760.0,3,1,32,6.0
2015,20,37,699000.0,74541.0,3,1,32,6.0
2016,8,68,699000.0,42811.0,3,1,14,5.0
2016,20,37,750000.0,45949.0,3,1,32,5.0
2015,20,15,375000.0,18760.0,3,1,32,6.0
2013,8,166,335000.0,45654.0,3,1,14,8.0
2017,25,92,410000.0,13839.0,3,1,15,4.0
2014,25,109,435000.0,63756.0,1,1,15,7.0
2016,29,46,685000.0,36321.0,1,1,3,5.0
2018,20,25,690000.0,70256.0,3,1,32,3.0
2015,20,36,470000.0,35153.0,3,1,32,6.0
2017,27,135,590000.0,8081.0,3,1,40,4.0
2015,20,37,699000.0,74541.0,3,1,32,6.0
2018,20,54,435000.0,41581.0,3,1,32,3.0
2014,20,36,400000.0,46160.0,3,1,32,7.0
2018,25,92,445000.0,22795.0,3,1,15,3.0
2017,20,36,485000.0,20894.0,3,1,32,4.0
2014,8,56,599000.0,75447.0,3,1,14,7.0
2019,20,15,440000.00000000006,16067.0,3,1,32,2.0
2016,20,131,560000.0,59117.0,3,1,32,5.0
2015,23,99,465000.00000000006,13123.0,3,1,11,6.0
2018,8,81,585000.0,68838.0,3,1,14,3.0
2016,18,91,485000.0,62006.0,1,1,24,5.0
2018,20,25,690000.0,70256.0,3,1,32,3.0
2016,8,167,745000.0,24301.0,3,1,14,5.0
2017,29,108,610000.0,44482.0,3,1,3,4.0
2017,29,108,610000.0,44482.0,3,1,3,4.0
2018,28,162,869999.9999999999,14122.0,3,1,1,3.0
2015,8,56,569000.0,13065.0,3,1,14,6.0
2018,25,49,950000.0,22581.0,3,1,15,3.0
2015,25,92,340000.0,54806.0,3,1,15,6.0
2019,18,159,1290000.0,149313.0,1,1,24,2.0
2018,25,49,950000.0,22586.0,3,1,15,3.0
2020,25,138,745000.0,5681.0,3,1,15,1.0
2017,25,49,999000.0,57800.0,1,1,15,4.0
2017,25,49,999000.0,57800.0,1,1,15,4.0
2014,7,38,625000.0,55000.0,3,1,7,7.0
2014,7,38,625000.0,55000.0,3,1,7,7.0
2020,16,83,1890000.0,5697.0,3,1,81,1.0
2015,8,56,569000.0,13065.0,3,1,14,6.0
2014,7,38,625000.0,55000.0,3,1,7,7.0
2018,25,49,950000.0,22586.0,3,1,15,3.0
2014,28,43,1195000.0,37411.0,3,1,1,7.0
2016,8,166,425000.0,35406.0,3,1,14,5.0
2017,27,103,915000.0,66078.0,1,1,40,4.0
2017,27,136,545000.0,47265.0,3,1,40,4.0
2015,8,81,535000.0,58671.0,3,1,14,6.0
2017,27,103,915000.0,66078.0,1,1,40,4.0
2013,8,167,460000.0,39780.0,3,1,14,8.0
2016,8,56,550000.0,85871.0,3,1,14,5.0
2016,8,56,550000.0,85871.0,3,1,14,5.0
2014,28,43,1195000.0,37411.0,3,1,1,7.0
2016,8,166,425000.0,35406.0,3,1,14,5.0
2017,27,103,915000.0,66078.0,1,1,40,4.0
2016,18,132,745000.0,55946.0,1,1,24,5.0
2016,18,132,745000.0,55946.0,1,1,24,5.0
2015,29,141,725000.0,48987.0,3,1,3,6.0
2016,0,110,2575000.0,40786.0,1,1,10,5.0
2018,29,108,725000.0,31000.0,3,1,3,3.0
2012,7,28,355000.0,61409.0,3,1,7,9.0
2013,20,60,650000.0,45082.0,1,1,32,8.0
2012,1,149,1850000.0,103000.0,1,1,4,9.0
2015,6,53,625000.0,83378.0,1,1,8,6.0
2019,1,148,3785000.0,17800.0,1,1,4,2.0
2015,8,81,489000.0,63900.0,3,1,14,6.0
2018,8,81,625000.0,41850.0,3,1,14,3.0
2019,11,40,2750000.0,24743.0,1,1,19,2.0
2017,27,103,915000.0,66078.0,1,1,40,4.0
2014,8,81,485000.0,57362.0,3,1,14,7.0
2010,8,167,310000.0,64321.0,3,1,14,11.0
2010,8,167,310000.0,64321.0,3,1,14,11.0
2017,27,136,545000.0,47265.0,3,1,40,4.0
2013,8,167,460000.0,39780.0,3,1,14,8.0
2010,8,167,310000.0,64321.0,3,1,14,11.0
2017,27,136,545000.0,47265.0,3,1,40,4.0
2013,8,167,460000.0,39780.0,3,1,14,8.0
2018,20,131,745000.0,14510.0,3,1,32,3.0
2016,8,56,550000.0,85871.0,3,1,14,5.0
2017,0,110,2685000.0,59540.0,1,1,10,4.0
2015,25,95,675000.0,54174.0,1,1,15,6.0
2015,20,131,675000.0,69304.0,1,1,32,6.0
2009,7,38,395000.0,47957.0,3,1,7,12.0
2019,7,38,1125000.0,15593.0,3,1,7,2.0
2012,18,160,745000.0,79960.0,1,1,24,9.0
2015,0,111,3000000.0,85000.0,1,1,10,6.0
2017,8,167,700000.0,37640.0,3,1,14,4.0
2017,8,56,650000.0,40977.0,3,1,14,4.0
2018,21,29,3975000.0,18000.0,1,1,2,3.0
2016,20,131,625000.0,66000.0,1,1,32,5.0
2019,18,125,1500000.0,70000.0,1,1,24,2.0
2019,16,83,1795000.0,39000.0,3,1,81,2.0
2021,16,83,2100000.0,3000.0,2,1,81,0.0
2017,20,15,345000.0,42305.0,3,1,32,4.0
2016,8,167,745000.0,24301.0,3,1,14,5.0
2018,20,25,699000.0,37422.0,3,1,32,3.0
2015,20,15,325000.0,18760.0,3,1,32,6.0
2012,7,88,405000.0,52616.0,3,1,7,9.0
2016,20,37,750000.0,45949.0,3,1,32,5.0
2016,3,26,340000.0,63708.0,3,1,12,5.0
2013,8,166,335000.0,45654.0,3,1,14,8.0
2016,20,36,475000.0,54807.0,3,1,32,5.0
2014,23,99,475000.0,61604.0,3,1,11,7.0
2017,25,92,410000.0,13839.0,3,1,15,4.0
2019,12,126,1550000.0,21152.0,3,1,20,2.0
2010,8,166,265000.0,90818.0,3,1,14,11.0
2014,25,109,435000.0,63756.0,1,1,15,7.0
2016,20,37,750000.0,45949.0,3,1,32,5.0
2017,6,21,675000.0,41917.0,1,1,8,4.0
2016,29,46,685000.0,36321.0,1,1,3,5.0
2018,25,92,445000.0,22795.0,3,1,15,3.0
2015,20,36,470000.0,35153.0,3,1,32,6.0
2015,20,37,699000.0,74541.0,3,1,32,6.0
2016,8,81,575000.0,40198.0,3,1,14,5.0
2013,8,59,290000.0,35421.0,3,1,14,8.0
2016,7,88,580000.0,44814.0,3,1,7,5.0
2016,8,68,699000.0,42811.0,3,1,14,5.0
2016,20,25,699000.0,30264.0,1,1,32,5.0
2017,27,135,590000.0,8081.0,3,1,40,4.0
2017,20,25,785000.0,39640.0,3,1,32,4.0
2016,29,19,590000.0,18807.0,3,1,3,5.0
2016,8,161,585000.0,21992.0,3,1,14,5.0
2017,6,53,785000.0,53368.0,1,1,8,4.0
2018,8,56,660000.0,28131.0,3,1,14,3.0
2016,27,135,515000.00000000006,54863.0,3,1,40,5.0
2019,26,115,1290000.0,27952.0,1,1,27,2.0
2015,8,56,569000.0,13065.0,3,1,14,6.0
2015,25,92,340000.0,54806.0,3,1,15,6.0
2016,7,88,580000.0,44814.0,3,1,7,5.0
2018,7,38,925000.0,60596.0,3,1,7,3.0
2018,26,115,1195000.0,22800.0,3,1,27,3.0
2018,8,45,1285000.0,10100.0,3,1,14,3.0
2018,20,25,690000.0,70256.0,3,1,32,3.0
2018,20,54,435000.0,41581.0,3,1,32,3.0
2013,28,87,1115000.0,81844.0,1,1,1,8.0
2020,25,138,745000.0,5681.0,3,1,15,1.0
2018,8,124,575000.0,14800.0,3,1,14,3.0
2016,8,81,575000.0,40198.0,3,1,14,5.0
2015,20,37,699000.0,74541.0,3,1,32,6.0
2017,27,135,590000.0,8081.0,3,1,40,4.0
2014,8,56,599000.0,75447.0,3,1,14,7.0
2016,8,166,425000.0,35043.0,3,1,14,5.0
2017,20,37,835000.0,18325.0,3,1,32,4.0
2016,8,161,585000.0,38473.0,3,1,14,5.0
2016,27,135,515000.00000000006,54863.0,3,1,40,5.0
2018,7,18,695000.0,16950.0,3,1,7,3.0
2019,8,142,815000.0,29350.0,3,1,14,2.0
2019,8,142,815000.0,29350.0,3,1,14,2.0
2018,7,18,695000.0,16950.0,3,1,7,3.0
2018,20,145,860000.0,58790.0,1,1,32,3.0
2017,20,37,835000.0,18325.0,3,1,32,4.0
2018,20,54,435000.0,41581.0,3,1,32,3.0
2018,20,25,690000.0,70256.0,3,1,32,3.0
2019,26,115,1290000.0,27952.0,1,1,27,2.0
2018,0,9,2775000.0,43000.0,1,1,10,3.0
2018,7,88,800000.0,9131.0,3,1,7,3.0
2017,25,49,999000.0,57800.0,1,1,15,4.0
2015,25,92,340000.0,54806.0,3,1,15,6.0
2019,6,71,740000.0,2750.0,3,1,8,2.0
2017,8,144,925000.0,38000.0,3,1,14,4.0
2008,20,131,340000.0,60000.0,3,1,32,13.0
2016,8,144,725000.0,52000.0,3,1,14,5.0
2010,26,130,675000.0,61000.0,3,1,27,11.0
2005,28,87,550000.0,202000.0,1,1,1,16.0
2005,21,29,750000.0,87000.0,1,1,2,16.0
2019,10,155,4200000.0,14000.0,1,1,40,2.0
2014,21,51,2650000.0,48000.0,1,1,2,7.0
2008,28,87,690000.0,107000.0,1,1,1,13.0
2018,20,36,550000.0,16000.0,3,1,32,3.0
2016,21,76,4500000.0,70000.0,1,1,2,5.0
2012,14,2,4000000.0,160000.0,1,1,18,9.0
2019,21,75,4500000.0,78000.0,1,1,2,2.0
2018,10,156,4200000.0,20000.0,1,1,40,3.0
2016,20,147,450000.0,30000.0,3,1,32,5.0
2019,18,160,1800000.0,30000.0,1,1,24,2.0
2020,1,148,3975000.0,6000.0,1,1,4,1.0
2016,21,29,2800000.0,60000.0,1,1,2,5.0
2017,21,76,4500000.0,50000.0,1,1,2,4.0
2016,29,108,795000.0,63000.0,3,1,3,5.0
2017,8,45,1300000.0,41000.0,1,1,14,4.0
2017,0,110,2850000.0,49000.0,1,1,10,4.0
2018,8,45,1435000.0,33000.0,3,1,14,3.0
2013,20,60,650000.0,56000.0,1,1,32,8.0
2016,26,104,1400000.0,64382.0,1,1,27,5.0
2015,28,87,1325000.0,121434.0,1,1,1,6.0
2020,20,158,1150000.0,14448.0,3,1,32,1.0
2018,7,38,880000.0000000001,33990.0,1,1,7,3.0
2018,27,103,825000.0,12200.0,3,1,40,3.0
2012,20,116,429000.0,83522.0,1,1,32,9.0
2018,8,56,660000.0,28131.0,3,1,14,3.0
2020,28,69,4100000.0,10906.0,1,1,1,1.0
2011,20,116,385000.0,55705.0,3,1,32,10.0
2018,25,92,415000.00000000006,14981.0,3,1,15,3.0
2017,20,147,475000.0,32279.0,3,1,32,4.0
2016,20,25,680000.0,93525.0,1,7,32,5.0
2017,20,147,520000.0,40904.0,3,7,32,4.0
2004,28,113,240000.0,209616.0,1,7,1,17.0
2014,20,60,735000.0,43294.0,1,7,32,7.0
2013,21,51,1850000.0,89000.0,1,7,2,8.0
2019,6,53,1050000.0,15250.0,1,7,8,2.0
2019,10,64,5900000.0,20763.0,1,7,40,2.0
2016,8,161,430000.0,127000.0,1,7,14,5.0
2017,20,118,930000.0,36057.0,1,7,32,4.0
2015,8,45,1345000.0,88630.0,1,7,14,6.0
2016,26,115,950000.0,42282.0,1,7,27,5.0
2018,20,37,980000.0,18178.0,3,7,32,3.0
2014,20,131,560000.0,32525.0,1,7,32,7.0
2016,18,160,1200000.0,75441.0,1,7,24,5.0
2018,18,160,1550000.0,34444.0,1,7,24,3.0
2021,29,108,1050000.0,8862.0,3,7,3,0.0
2013,3,58,485000.0,83575.0,1,7,12,8.0
2016,8,167,685000.0,68479.0,1,7,14,5.0
2018,18,160,1400000.0,88666.0,1,7,24,3.0
2012,8,167,390000.0,80809.0,1,7,14,9.0
2017,18,143,450000.0,67475.0,1,7,24,4.0
2015,6,53,700000.0,74595.0,1,7,8,6.0
2014,8,144,725000.0,72230.0,1,7,14,7.0
2016,25,49,785000.0,112038.0,1,7,15,5.0
2010,7,32,650000.0,116594.0,3,7,7,11.0
2020,16,83,2100000.0,16023.0,3,7,81,1.0
2020,12,126,1850000.0,57786.0,1,7,20,1.0
2017,29,19,575000.0,30000.0,3,7,3,4.0
2021,20,145,1000000.0,5700.0,3,7,32,0.0
2017,18,160,1500000.0,40000.0,1,7,24,4.0
2013,28,43,755000.0,78507.0,1,7,1,8.0
2012,20,131,490000.00000000006,31757.0,3,7,32,9.0
2010,1,3,1400000.0,89602.0,1,7,4,11.0
2008,21,117,1500000.0,38530.0,3,7,2,13.0
2009,21,51,925000.0,47000.0,1,7,2,12.0
2012,28,62,400000.0,88000.0,1,7,1,9.0
2016,20,25,680000.0,93525.0,1,7,32,5.0
2011,8,144,550000.0,75375.0,1,7,14,10.0
2009,7,38,365000.0,68384.0,3,7,7,12.0
2019,20,145,1025000.0,71750.0,1,7,32,2.0
2013,6,53,560000.0,73149.0,1,7,8,8.0
2011,8,144,435000.0,67528.0,3,7,14,10.0
2016,7,38,785000.0,64554.0,1,7,7,5.0
2014,1,0,2400000.0,67000.0,1,7,4,7.0
2015,7,88,540000.0,33400.0,3,7,7,6.0
2019,10,64,5900000.0,20763.0,1,7,40,2.0
2018,30,119,2800000.0,35000.0,1,7,9,3.0
2016,30,154,4700000.0,72000.0,1,7,9,5.0
2014,30,119,2400000.0,125000.0,1,7,9,7.0
2008,24,35,1600000.0,102000.0,3,7,5,13.0
2010,24,35,3500000.0,73000.0,3,7,5,11.0
2009,21,51,1300000.0,82000.0,1,7,2,12.0
2013,21,51,1900000.0,45000.0,1,7,2,8.0
2017,11,40,1650000.0,30000.0,3,7,19,4.0
2017,21,51,4800000.0,51000.0,1,7,2,4.0
2012,21,97,2900000.0,83000.0,1,7,2,9.0
2016,21,76,4200000.0,72000.0,1,7,2,5.0
2016,14,48,3900000.0,66000.0,1,7,18,5.0
2017,28,87,1700000.0,129000.0,1,7,1,4.0
2013,17,42,1900000.0,38000.0,3,7,39,8.0
2006,1,151,900000.0,131000.0,3,7,4,15.0
2018,1,3,5400000.0,51000.0,1,7,4,3.0
2009,1,3,850000.0,88000.0,1,7,4,12.0
2019,1,4,6500000.0,54000.0,1,7,4,2.0
2015,1,0,2400000.0,46000.0,1,7,4,6.0
2012,21,117,3600000.0,63000.0,1,7,2,9.0
2015,21,72,14000000.0,23000.0,3,7,2,6.0
2018,21,76,8500000.0,26000.0,3,7,2,3.0
2012,1,3,1600000.0,101000.0,1,7,4,9.0
2011,21,29,1500000.0,85000.0,1,7,2,10.0
2018,9,98,3000000.0,6500.0,1,7,37,3.0
2019,29,137,2900000.0,30000.0,1,7,3,2.0
2015,26,115,620000.0,45000.0,1,7,27,6.0
2017,0,112,6700000.0,37914.0,1,7,10,4.0
2008,21,97,1100000.0,73451.0,1,7,2,13.0
2016,7,38,780000.0,35000.0,3,7,7,5.0
2020,12,127,1400000.0,19486.0,1,7,20,1.0
2016,29,108,630000.0,64654.0,3,7,3,5.0
2011,7,38,575000.0,51000.0,3,7,7,10.0
2019,28,87,2330000.0,43000.0,1,7,1,2.0
2018,21,30,3400000.0,23107.0,1,7,2,3.0
2011,2,41,9500000.0,45000.0,3,7,44,10.0
2013,14,63,2600000.0,68000.0,1,7,18,8.0
2010,20,131,365000.0,44900.0,3,7,32,11.0
2016,20,131,585000.0,68342.0,1,7,32,5.0
2016,4,78,360000.0,28000.0,3,7,50,5.0
2015,29,108,625000.0,65000.0,3,7,3,6.0
2019,28,87,2100000.0,53000.0,1,7,1,2.0
2019,26,115,1135000.0,29867.0,3,7,27,2.0
2019,7,24,1075000.0,55000.0,1,7,7,2.0
2011,20,8,275000.0,71000.0,3,7,32,10.0
2018,18,160,1230000.0,72000.0,1,7,24,3.0
2012,29,90,600000.0,110000.0,1,7,3,9.0
2014,20,36,375000.0,24500.0,3,7,32,7.0
2011,8,166,350000.0,55289.0,3,7,14,10.0
2016,20,60,785000.0,84640.0,1,7,32,5.0
2014,1,0,2000000.0,31000.0,1,7,4,7.0
2008,0,112,1800000.0,70000.0,1,7,10,13.0
2018,10,157,7500000.0,22000.0,1,7,40,3.0
2014,0,11,2550000.0,33024.0,1,7,10,7.0
2019,30,120,4850000.0,36000.0,1,7,9,2.0
2013,29,108,430000.0,72995.0,1,7,3,8.0
2013,14,63,2600000.0,68000.0,1,7,18,8.0
2020,12,126,1599000.0,4100.0,1,7,20,1.0
2013,28,69,1399000.0,166000.0,1,7,1,8.0
2018,20,50,725000.0,61000.0,3,7,32,3.0
2017,7,38,1095000.0,20111.0,3,7,7,4.0
2017,28,87,1875000.0,94000.0,1,7,1,4.0
2018,28,87,1645000.0,78263.0,1,7,1,3.0
2013,18,134,585000.0,60628.0,1,7,24,8.0
2018,30,154,6850000.0,39000.0,1,7,9,3.0
2017,8,45,1245000.0,24250.0,3,7,14,4.0
2012,28,87,800000.0,69000.0,1,7,1,9.0
2011,21,51,1100000.0,68000.0,3,7,2,10.0
2017,28,87,1895000.0,34000.0,1,7,1,4.0
2015,29,108,550000.0,103000.0,1,7,3,6.0
2012,28,87,825000.0,135000.0,1,7,1,9.0
2015,8,167,670000.0,29000.0,3,7,14,6.0
2018,8,144,1150000.0,41000.0,1,7,14,3.0
2019,20,60,1220000.0,63000.0,1,7,32,2.0
2008,20,8,250000.0,75000.0,3,7,32,13.0
2014,20,60,690000.0,126000.0,1,7,32,7.0
2011,28,69,1175000.0,85000.0,1,7,1,10.0
2011,8,166,325000.0,75000.0,3,7,14,10.0
2016,29,141,690000.0,70844.0,3,7,3,5.0
2009,20,131,350000.0,135934.0,1,7,32,12.0
2020,8,56,750000.0,11500.0,3,7,14,1.0
2011,8,124,255000.0,61786.0,3,7,14,10.0
2009,26,130,345000.0,95000.0,3,7,27,12.0
2008,8,144,295000.0,82000.0,3,7,14,13.0
2014,7,38,575000.0,85000.0,1,7,7,7.0
2018,18,160,1250000.0,75000.0,1,7,24,3.0
2012,8,144,535000.0,98000.0,1,7,14,9.0
2014,20,147,365000.0,45000.0,3,7,32,7.0
2011,20,15,215000.0,82000.0,3,7,32,10.0
2017,20,131,585000.0,49000.0,3,7,32,4.0
2011,20,116,340000.0,72000.0,1,7,32,10.0
2004,28,113,240000.0,209616.0,1,7,1,17.0
2008,20,131,250000.0,120424.0,1,7,32,13.0
2016,8,45,1030000.0,65650.0,3,7,14,5.0
2017,8,139,1530000.0,80000.0,3,7,14,4.0
2016,28,62,670000.0,81000.0,1,7,1,5.0
2013,29,141,445000.0,77000.0,1,7,3,8.0
2015,0,111,2850000.0,550000.0,1,7,10,6.0
2014,20,60,725000.0,126000.0,1,7,32,7.0
2012,18,160,625000.0,122833.0,1,7,24,9.0
2016,10,157,6850000.0,46000.0,1,7,40,5.0
2018,6,57,2950000.0,86000.0,1,7,8,3.0
2018,20,145,930000.0,98000.0,1,7,32,3.0
2010,8,144,380000.0,86000.0,1,7,14,11.0
2011,28,69,1250000.0,136000.0,1,7,1,10.0
2016,28,87,1925000.0,87000.0,1,7,1,5.0
2016,8,56,650000.0,24000.0,3,7,14,5.0
2014,8,161,450000.0,57000.0,1,7,14,7.0
2021,18,134,2300000.0,6000.0,3,7,24,0.0
2011,29,141,365000.0,96000.0,1,7,3,10.0
2017,21,75,4300000.0,57000.0,1,7,2,4.0
2016,21,74,2199000.0,60000.0,1,7,2,5.0
2015,0,110,2100000.0,67700.0,1,7,10,6.0
2018,28,87,2450000.0,52000.0,1,7,1,3.0
2020,12,126,1900000.0,31000.0,3,7,20,1.0
2018,7,18,819999.9999999999,17774.0,3,7,7,3.0
2014,20,15,315000.0,21000.0,3,7,32,7.0
2015,8,56,630000.0,70000.0,3,7,14,6.0
2013,7,18,450000.0,46888.0,3,7,7,8.0
2012,27,86,255000.0,75000.0,1,7,40,9.0
2012,25,49,430000.0,77000.0,1,7,15,9.0
2017,20,145,990000.0,105000.0,1,7,32,4.0
2018,20,131,660000.0,33000.0,3,7,32,3.0
2020,18,125,1689999.9999999998,3700.0,1,7,24,1.0
2009,20,131,345000.0,92000.0,1,7,32,12.0
2009,20,131,325000.0,81000.0,3,7,32,12.0
2010,18,125,600000.0,82000.0,1,7,24,11.0
2017,0,110,2400000.0,100568.0,1,7,10,4.0
2017,0,110,2400000.0,100568.0,1,7,10,4.0
2015,20,131,560000.0,12208.0,3,7,32,6.0
2010,26,94,420000.0,80084.0,1,7,27,11.0
2012,29,108,420000.0,75893.0,1,7,3,9.0
2015,20,147,385000.0,71000.0,3,7,32,6.0
2013,20,131,490000.00000000006,83000.0,1,7,32,8.0
2009,20,131,295000.0,82000.0,1,7,32,12.0
2011,1,148,1095000.0,84000.0,1,7,4,10.0
2014,7,38,590000.0,85000.0,1,7,7,7.0
2018,27,123,999000.0,194000.0,1,7,40,3.0
2015,8,45,1050000.0,99000.0,1,7,14,6.0
2015,8,56,525000.0,129804.0,3,7,14,6.0
2011,8,167,445000.0,72000.0,1,7,14,10.0
2005,28,43,245000.00000000003,174000.0,3,7,1,16.0
2012,20,147,320000.0,65000.0,0,7,32,9.0
2015,20,131,570000.0,63000.0,3,7,32,6.0
2015,20,147,425000.0,57000.0,3,7,32,6.0
2018,20,50,745000.0,30100.0,3,7,32,3.0
2018,1,0,3200000.0,24000.0,1,7,4,3.0
2010,8,124,265000.0,69000.0,3,7,14,11.0
2016,21,73,4500000.0,100000.0,1,7,2,5.0
2013,8,144,585000.0,72000.0,1,7,14,8.0
2016,20,131,625000.0,88000.0,3,7,32,5.0
2020,12,126,1950000.0,16000.0,3,7,20,1.0
2012,20,147,320000.0,65000.0,0,7,32,9.0
2009,7,38,385000.0,121580.0,3,7,7,12.0
2013,18,160,680000.0,93000.0,1,7,24,8.0
2008,8,166,240000.0,59000.0,3,7,14,13.0
2013,8,167,460000.0,87000.0,1,7,14,8.0
2017,20,145,795000.0,47600.0,1,7,32,4.0
2010,20,131,295000.0,82000.0,1,7,32,11.0
2016,20,131,699000.0,86000.0,1,7,32,5.0
2019,27,84,1775000.0,27000.0,1,7,40,2.0
2018,20,145,875000.0,86000.0,1,7,32,3.0
2009,1,0,894999.9999999999,144000.0,1,7,4,12.0
2015,8,45,950000.0,68000.0,1,7,14,6.0
2016,26,130,1930000.0,67000.0,3,7,27,5.0
2016,20,131,650000.0,82000.0,3,7,32,5.0
2015,20,60,795000.0,91000.0,1,7,32,6.0
2010,20,131,355000.0,83000.0,1,7,32,11.0
2013,0,10,1750000.0,85349.0,1,7,10,8.0
2016,6,53,695000.0,106000.0,1,7,8,5.0
2019,8,142,1050000.0,13470.0,3,7,14,2.0
2018,25,34,1050000.0,43000.0,1,7,15,3.0
2020,20,15,395000.0,1600.0,3,7,32,1.0
2013,24,35,3900000.0,87000.0,1,7,5,8.0
2014,10,156,2195000.0,71000.0,3,7,40,7.0
2016,8,161,430000.0,127000.0,1,7,14,5.0
2017,27,84,1200000.0,160015.0,1,7,40,4.0
2014,8,144,725000.0,50781.0,1,7,14,7.0
2019,20,145,990000.0,41000.0,1,7,32,2.0
2012,27,102,95000.0,31000.0,3,7,40,9.0
2017,8,45,1035000.0,56462.0,1,7,14,4.0
2017,7,38,775000.0,44150.0,3,7,7,4.0
2019,8,45,1285000.0,20000.0,3,7,14,2.0
2016,7,38,775000.0,66000.0,1,7,7,5.0
2015,29,108,550000.0,68000.0,3,7,3,6.0
2012,26,163,675000.0,95000.0,1,7,27,9.0
2017,20,37,795000.0,54000.0,1,7,32,4.0
2012,23,129,370000.0,72000.0,3,7,11,9.0
2011,6,67,275000.0,115000.0,1,7,8,10.0
2016,6,53,745000.0,46816.0,1,7,8,5.0
2017,7,38,975000.0,94000.0,1,7,7,4.0
2012,26,163,675000.0,107000.0,1,7,27,9.0
2015,18,114,450000.0,80000.0,1,7,24,6.0
2007,7,14,450000.0,110000.0,3,7,7,14.0
2010,6,57,685000.0,115000.0,1,7,8,11.0
2020,8,45,1890000.0,23906.0,1,7,14,1.0
2017,18,134,875000.0,76000.0,1,7,24,4.0
2018,8,81,625000.0,43000.0,3,7,14,3.0
2018,28,87,1875000.0,142000.0,1,7,1,3.0
2019,8,144,1195000.0,10000.0,3,2,14,2.0
2021,6,57,3850000.0,8000.0,1,2,8,0.0
2013,8,167,410000.0,83000.0,1,2,14,8.0
2013,7,18,425000.0,100000.0,1,2,7,8.0
2016,21,75,3490000.0,38000.0,1,2,2,5.0
2015,0,110,2200000.0,76000.0,1,2,10,6.0
2004,28,33,500000.0,70500.0,3,2,1,17.0
2013,6,53,650000.0,60000.0,3,2,8,8.0
2019,7,88,900000.0,11505.0,3,2,7,2.0
2018,28,87,2150000.0,7686.0,1,2,1,3.0
2019,7,88,900000.0,1664.0,3,2,7,2.0
2016,8,45,1090000.0,69138.0,1,2,14,5.0
2020,28,87,2790000.0,2762.0,1,2,1,1.0
2017,7,146,800000.0,4593.0,3,2,7,4.0
2015,20,60,725000.0,75000.0,1,2,32,6.0
2013,28,87,1100000.0,107000.0,1,2,1,8.0
2016,7,38,810000.0,62000.0,1,2,7,5.0
2008,8,124,170000.0,63000.0,3,2,14,13.0
2014,25,49,565000.0,25000.0,3,2,15,7.0
2015,8,166,400000.0,40000.0,3,2,14,6.0
2018,8,144,1025000.0,40000.0,1,2,14,3.0
2010,27,102,80000.0,10001.0,3,2,40,11.0
2016,18,132,875000.0,38000.0,1,2,24,5.0
2019,20,145,1150000.0,14000.0,1,2,32,2.0
2019,7,88,790000.0,11000.0,3,2,7,2.0
2018,18,160,1290000.0,29000.0,1,2,24,3.0
2020,18,159,990000.0,2000.0,3,2,24,1.0
2019,8,144,925000.0,24800.0,3,2,14,2.0
2020,18,159,1390000.0,25000.0,1,2,24,1.0
2017,7,146,875000.0,46000.0,1,2,7,4.0
2018,6,53,1090000.0,20000.0,1,2,8,3.0
2020,18,159,1390000.0,25000.0,1,2,24,1.0
2018,6,53,1090000.0,20000.0,1,2,8,3.0
2021,6,57,3850000.0,8000.0,1,2,8,0.0
2017,7,146,875000.0,46000.0,1,2,7,4.0
2019,8,144,1195000.0,10000.0,3,2,14,2.0
2019,26,115,1175000.0,10000.0,3,2,27,2.0
2019,11,40,2190000.0,24000.0,3,2,19,2.0
2018,18,160,1290000.0,29000.0,1,2,24,3.0
2019,8,144,925000.0,24800.0,3,2,14,2.0
2020,18,159,990000.0,2000.0,3,2,24,1.0
2014,7,38,790000.0,20000.0,3,2,7,7.0
2015,29,141,620000.0,54000.0,1,2,3,6.0
2010,20,116,285000.0,72000.0,3,2,32,11.0
2014,0,10,1850000.0,72000.0,1,2,10,7.0
2016,8,56,630000.0,5700.0,3,2,14,5.0
2014,18,27,540000.0,180000.0,1,2,24,7.0
2018,8,45,1250000.0,40000.0,1,2,14,3.0
2013,6,53,650000.0,60000.0,3,2,8,8.0
2012,7,38,525000.0,40000.0,3,2,7,9.0
2012,7,38,750000.0,65000.0,3,2,7,9.0
2011,7,38,490000.00000000006,80000.0,3,2,7,10.0
2019,8,56,625000.0,33000.0,3,2,14,2.0
2020,25,92,530000.0,11500.0,3,2,15,1.0
2019,30,153,5600000.0,40000.0,1,2,9,2.0
2019,8,56,625000.0,33000.0,3,2,14,2.0
2019,28,87,2450000.0,26000.0,1,2,1,2.0
2020,25,92,530000.0,11500.0,3,2,15,1.0
2011,21,29,1250000.0,97000.0,1,2,2,10.0
2007,7,32,475000.0,120000.0,3,2,7,14.0
2021,8,142,1050000.0,2000.0,3,2,14,0.0
2005,21,29,550000.0,74000.0,3,2,2,16.0
2014,10,156,2200000.0,78000.0,1,2,40,7.0
2016,8,56,630000.0,57000.0,3,2,14,5.0
2015,29,141,600000.0,66000.0,3,2,3,6.0
2015,29,108,700000.0,50000.0,3,2,3,6.0
2011,6,66,290000.0,55000.0,3,2,8,10.0
2014,1,0,2250000.0,55000.0,1,2,4,7.0
2016,1,5,5650000.0,54000.0,1,2,4,5.0
2019,1,3,5190000.0,53000.0,1,2,4,2.0
2016,21,117,5850000.0,70000.0,1,2,2,5.0
2014,29,141,575000.0,86000.0,1,2,3,7.0
2011,7,14,750000.0,65000.0,3,2,7,10.0
2017,10,64,4500000.0,56500.0,1,2,40,4.0
2018,30,154,4200000.0,141900.0,1,2,9,3.0
2011,0,10,1200000.0,44000.0,1,2,10,10.0
2018,11,40,1650000.0,39500.0,1,2,19,3.0
2004,28,33,500000.0,70500.0,3,2,1,17.0
2018,20,37,950000.0,25000.0,3,2,32,3.0
2016,21,117,5850000.0,70000.0,1,2,2,5.0
2012,28,87,1200000.0,108000.0,1,2,1,9.0
2017,10,64,4500000.0,56500.0,1,2,40,4.0
2014,1,0,2250000.0,55000.0,1,2,4,7.0
2018,30,154,4200000.0,141900.0,1,2,9,3.0
2011,6,66,290000.0,55000.0,3,2,8,10.0
2017,14,63,3550000.0,80400.0,1,2,18,4.0
2015,1,5,3800000.0,40500.0,1,2,4,6.0
2018,1,3,4900000.0,39000.0,1,2,4,3.0
2007,1,4,1800000.0,30900.0,3,2,4,14.0
2014,18,160,1050000.0,58200.0,1,2,24,7.0
2015,8,45,950000.0,79900.0,1,2,14,6.0
2016,20,131,610000.0,15000.0,3,2,32,5.0
2019,28,87,2175000.0,39900.0,1,2,1,2.0
2013,29,141,475000.0,66000.0,3,2,3,8.0
2011,8,166,360000.0,22000.0,3,2,14,10.0
2011,30,153,1150000.0,80000.0,1,2,9,10.0
2012,7,38,550000.0,55000.0,3,2,7,9.0
2015,21,31,3700000.0,24000.0,1,2,2,6.0
2017,28,69,2700000.0,72000.0,1,2,1,4.0
2019,18,160,1650000.0,19900.0,1,2,24,2.0
2015,6,53,600000.0,92900.0,1,2,8,6.0
2015,6,53,600000.0,89900.0,1,2,8,6.0
2012,18,160,800000.0,85000.0,1,2,24,9.0
2019,18,160,1650000.0,19900.0,1,2,24,2.0
2012,18,160,800000.0,85000.0,1,2,24,9.0
2013,0,112,2150000.0,83000.0,1,2,10,8.0
2016,7,38,790000.0,45000.0,3,2,7,5.0
2014,8,56,550000.0,52000.0,1,2,14,7.0
2016,20,36,425000.0,35000.0,3,2,32,5.0
2016,28,87,1700000.0,79900.0,1,2,1,5.0
2012,0,11,1450000.0,55000.0,1,2,10,9.0
2018,25,49,925000.0,50000.0,1,2,15,3.0
2015,28,87,1350000.0,85000.0,1,2,1,6.0
2015,21,29,2350000.0,43000.0,1,2,2,6.0
2012,21,73,2400000.0,148000.0,1,2,2,9.0
2015,8,56,575000.0,39000.0,3,2,14,6.0
2018,8,144,1200000.0,19900.0,3,2,14,3.0
2017,20,36,470000.0,51000.0,3,2,32,4.0
2017,14,63,3500000.0,30980.0,1,2,18,4.0
2016,0,110,1395000.0,72000.0,1,2,10,5.0
2014,1,3,2800000.0,27000.0,1,2,4,7.0
2018,8,56,650000.0,18000.0,3,2,14,3.0
2015,20,37,675000.0,62000.0,3,2,32,6.0
2016,8,45,770000.0,175000.0,1,2,14,5.0
2011,23,99,225000.0,51000.0,3,2,11,10.0
2016,8,45,925000.0,40000.0,1,2,14,5.0
2019,8,142,1125000.0,14000.0,3,2,14,2.0
2011,23,99,225000.0,51000.0,3,2,11,10.0
2019,8,142,1125000.0,14000.0,3,2,14,2.0
2017,6,57,2280000.0,41000.0,1,2,8,4.0
2014,26,115,529000.0,49000.0,1,2,27,7.0
2016,6,53,680000.0,69000.0,3,2,8,5.0
2012,8,167,375000.0,66000.0,3,2,14,9.0
2017,20,25,650000.0,32000.0,3,2,32,4.0
2015,29,141,700000.0,60000.0,3,2,3,6.0
2017,20,60,910000.0,48000.0,1,2,32,4.0
2018,20,37,825000.0,22000.0,3,2,32,3.0
2012,14,63,2350000.0,63000.0,1,2,18,9.0
2012,21,29,1400000.0,87500.0,1,2,2,9.0
2020,28,87,2550000.0,9500.0,1,2,1,1.0
2017,8,81,380000.0,62000.0,1,2,14,4.0
2018,0,110,2650000.0,81296.0,1,2,10,3.0
2018,8,144,1250000.0,38000.0,1,2,14,3.0
2017,8,56,750000.0,40000.0,1,2,14,4.0
2019,8,45,990000.0,58000.0,1,2,14,2.0
2011,28,87,869999.9999999999,120000.0,1,2,1,10.0
2018,20,37,869999.9999999999,38000.0,3,2,32,3.0
2015,18,134,750000.0,64000.0,1,2,24,6.0
2010,20,122,240000.0,90000.0,3,2,32,11.0
2015,8,45,925000.0,84000.0,1,2,14,6.0
2019,18,132,945000.0,39000.0,1,2,24,2.0
2008,8,166,250000.0,73000.0,3,2,14,13.0
2016,6,67,475000.0,40000.0,1,2,8,5.0
2016,6,57,2225000.0,65000.0,1,2,8,5.0
2016,25,49,690000.0,70000.0,1,2,15,5.0
2014,8,56,515000.00000000006,29000.0,3,2,14,7.0
2015,8,166,325000.0,54000.0,3,2,14,6.0
2019,12,126,1590000.0,7000.0,3,2,20,2.0
2019,6,53,890000.0,45000.0,1,2,8,2.0
2016,6,57,2090000.0,74000.0,1,2,8,5.0
2012,18,160,750000.0,130000.0,1,2,24,9.0
2016,6,53,575000.0,68000.0,1,2,8,5.0
2017,7,88,725000.0,13000.0,3,2,7,4.0
2016,18,132,675000.0,64000.0,1,2,24,5.0
2011,6,57,950000.0,60000.0,1,2,8,10.0
2017,8,81,550000.0,44000.0,3,2,14,4.0
2017,6,57,2290000.0,61000.0,1,2,8,4.0
2014,28,87,1149000.0,112000.0,1,2,1,7.0
2012,1,148,1385000.0,59000.0,1,2,4,9.0
2017,6,57,2400000.0,90000.0,1,2,8,4.0
2012,18,125,650000.0,135000.0,1,2,24,9.0
2016,1,149,3400000.0,40000.0,1,2,4,5.0
2013,28,87,1250000.0,130000.0,1,2,1,8.0
2019,20,131,600000.0,62000.0,1,2,32,2.0
2017,8,81,380000.0,65000.0,1,2,14,4.0
2016,6,53,750000.0,34000.0,1,2,8,5.0
2015,8,59,320000.0,36000.0,3,2,14,6.0
2020,8,139,2500000.0,4500.0,3,2,14,1.0
2013,26,94,625000.0,106000.0,3,2,27,8.0
2018,28,87,2300000.0,40000.0,1,2,1,3.0
2016,1,148,2600000.0,37000.0,1,2,4,5.0
2019,8,45,1380000.0,32000.0,3,2,14,2.0
2017,6,100,6500000.0,11100.0,3,2,8,4.0
2017,30,119,3950000.0,49855.0,3,2,9,4.0
2015,0,12,4500000.0,57700.0,1,2,10,6.0
2019,7,38,1050000.0,24000.0,3,2,7,2.0
2017,29,19,575000.0,55000.0,1,2,3,4.0
2015,8,81,445000.0,65000.0,1,2,14,6.0
2012,28,43,650000.0,77000.0,1,2,1,9.0
2016,10,156,2850000.0,63000.0,1,2,40,5.0
2013,21,97,2400000.0,120000.0,1,2,2,8.0
2017,20,37,785000.0,49000.0,3,2,32,4.0
2017,8,144,875000.0,10001.0,3,2,14,4.0
2019,25,49,1090000.0,16000.0,1,2,15,2.0
2018,20,25,690000.0,35000.0,3,2,32,3.0
2018,7,88,750000.0,29000.0,1,2,7,3.0
2018,7,38,990000.0,41000.0,1,2,7,3.0
2020,12,127,1450000.0,3000.0,3,2,20,1.0
2015,0,110,2200000.0,76000.0,1,2,10,6.0
2020,1,150,6800000.0,20000.0,3,2,4,1.0
2017,27,84,1075000.0,85000.0,1,2,40,4.0
2012,25,49,525000.0,65000.0,1,2,15,9.0
2015,26,115,790000.0,57000.0,1,2,27,6.0
2017,20,85,485000.0,24000.0,3,2,32,4.0
2018,20,25,690000.0,35000.0,3,2,32,3.0
2018,7,88,750000.0,29000.0,1,2,7,3.0
2018,7,38,990000.0,41000.0,1,2,7,3.0
2019,25,49,1090000.0,16000.0,1,2,15,2.0
2017,6,53,850000.0,44000.0,1,2,8,4.0
2018,28,87,2050000.0,41000.0,1,2,1,3.0
2015,10,156,2200000.0,77000.0,1,2,40,6.0
2014,1,148,1450000.0,63000.0,1,2,4,7.0
2010,26,130,600000.0,104000.0,1,2,27,11.0
2017,26,115,735000.0,112000.0,1,2,27,4.0
2012,28,87,1190000.0,93000.0,1,2,1,9.0
2017,26,104,2000000.0,30000.0,1,2,27,4.0
2019,26,115,1090000.0,30000.0,1,2,27,2.0
2020,29,108,775000.0,16000.0,3,2,3,1.0
2018,28,69,2700000.0,100000.0,1,2,1,3.0
2018,28,87,2050000.0,42500.0,1,2,1,3.0
2017,28,69,2800000.0,420000.0,1,2,1,4.0
2012,21,29,1450000.0,48000.0,1,2,2,9.0
2011,1,0,1275000.0,64000.0,1,2,4,10.0
2018,28,69,2700000.0,100000.0,1,2,1,3.0
2018,28,87,2050000.0,42500.0,1,2,1,3.0
2016,21,77,5200000.0,82420.0,1,2,2,5.0
2011,21,29,1150000.0,73000.0,1,2,2,10.0
2018,21,30,3200000.0,15600.0,1,2,2,3.0
2015,0,9,1850000.0,58600.0,1,2,10,6.0
2019,21,77,7200000.0,58548.0,1,2,2,2.0
2015,1,0,2200000.0,22261.0,1,2,4,6.0
2018,14,48,4400000.0,28800.0,1,2,18,3.0
2017,26,104,2000000.0,30000.0,1,2,27,4.0
2017,7,146,875000.0,43000.0,1,2,7,4.0
2012,0,11,1700000.0,76000.0,1,2,10,9.0
2009,0,10,1025000.0,65000.0,3,2,10,12.0
2014,7,38,785000.0,20000.0,3,2,7,7.0
2016,1,148,2600000.0,36000.0,1,2,4,5.0
2014,6,53,525000.0,73000.0,3,2,8,7.0
2016,8,56,675000.0,12000.0,3,2,14,5.0
2019,6,53,850000.0,23000.0,3,2,8,2.0
2020,0,10,4400000.0,16000.0,1,2,10,1.0
2013,0,11,2100000.0,40000.0,1,2,10,8.0
2012,1,3,1800000.0,82000.0,1,2,4,9.0
2019,18,17,2700000.0,30000.0,1,2,24,2.0
2017,21,51,4500000.0,17000.0,1,2,2,4.0
2013,7,18,425000.0,100000.0,1,2,7,8.0
2013,8,167,410000.0,83000.0,1,2,14,8.0
2018,8,144,1250000.0,38000.0,1,2,14,3.0
2012,7,38,525000.0,40000.0,3,2,7,9.0
2016,1,5,5650000.0,54000.0,1,2,4,5.0
2014,1,0,2250000.0,55000.0,1,2,4,7.0
2021,6,57,3850000.0,8000.0,1,2,8,0.0
2014,5,13,2000000.0,18000.0,3,2,43,7.0
2019,7,88,900000.0,11505.0,3,2,7,2.0
2018,28,87,2150000.0,7686.0,1,2,1,3.0
2019,7,88,900000.0,1664.0,3,2,7,2.0
2016,8,45,1090000.0,69138.0,1,2,14,5.0
2020,28,87,2790000.0,2762.0,1,2,1,1.0
2017,7,146,800000.0,4593.0,3,2,7,4.0
2015,20,60,725000.0,75000.0,1,2,32,6.0
2013,28,87,1100000.0,107000.0,1,2,1,8.0
2016,7,38,810000.0,62000.0,1,2,7,5.0
2008,8,124,170000.0,63000.0,3,2,14,13.0
2014,25,49,565000.0,25000.0,3,2,15,7.0
2015,8,166,400000.0,40000.0,3,2,14,6.0
2018,8,144,1025000.0,40000.0,1,2,14,3.0
2010,27,102,80000.0,10001.0,3,2,40,11.0
2019,8,144,1195000.0,10000.0,3,2,14,2.0
2016,18,132,875000.0,38000.0,1,2,24,5.0
2019,20,145,1150000.0,14000.0,1,2,32,2.0
2019,7,88,790000.0,11000.0,3,2,7,2.0
2018,18,160,1290000.0,29000.0,1,2,24,3.0
2020,18,159,990000.0,2000.0,3,2,24,1.0
2019,8,144,925000.0,24800.0,3,2,14,2.0
2020,18,159,1390000.0,25000.0,1,2,24,1.0
2017,7,146,875000.0,46000.0,1,2,7,4.0
2018,6,53,1090000.0,20000.0,1,2,8,3.0
2020,18,159,1390000.0,25000.0,1,2,24,1.0
2018,6,53,1090000.0,20000.0,1,2,8,3.0
2021,6,57,3850000.0,8000.0,1,2,8,0.0
2017,7,146,875000.0,46000.0,1,2,7,4.0
2019,8,144,1195000.0,10000.0,3,2,14,2.0
2019,26,115,1175000.0,10000.0,3,2,27,2.0
2019,11,40,2190000.0,24000.0,3,2,19,2.0
2018,18,160,1290000.0,29000.0,1,2,24,3.0
2019,8,144,925000.0,24800.0,3,2,14,2.0
2020,18,159,990000.0,2000.0,3,2,24,1.0
2014,7,38,790000.0,20000.0,3,2,7,7.0
2015,29,141,620000.0,54000.0,1,2,3,6.0
2010,20,116,285000.0,72000.0,3,2,32,11.0
2014,0,10,1850000.0,72000.0,1,2,10,7.0
2016,8,56,630000.0,5700.0,3,2,14,5.0
2014,18,27,540000.0,180000.0,1,2,24,7.0
2018,8,45,1250000.0,40000.0,1,2,14,3.0
2013,6,53,650000.0,60000.0,3,2,8,8.0
2012,7,38,525000.0,40000.0,3,2,7,9.0
2012,7,38,750000.0,65000.0,3,2,7,9.0
2011,7,38,490000.00000000006,80000.0,3,2,7,10.0
2019,8,56,625000.0,33000.0,3,2,14,2.0
2020,25,92,530000.0,11500.0,3,2,15,1.0
2019,30,153,5600000.0,40000.0,1,2,9,2.0
2019,30,153,5600000.0,40000.0,1,2,9,2.0
2020,25,92,530000.0,11500.0,3,2,15,1.0
2010,21,117,2400000.0,57000.0,1,2,2,11.0
2005,21,29,550000.0,74000.0,3,2,2,16.0
2011,21,29,1250000.0,97000.0,1,2,2,10.0
2007,7,32,475000.0,120000.0,3,2,7,14.0
2021,8,142,1050000.0,2000.0,3,2,14,0.0
2016,8,56,630000.0,57000.0,3,2,14,5.0
2014,10,156,2200000.0,78000.0,1,2,40,7.0
2019,29,107,2850000.0,25000.0,1,2,3,2.0
2015,29,141,600000.0,66000.0,3,2,3,6.0
2016,1,5,5650000.0,54000.0,1,2,4,5.0
2012,20,147,300000.0,76000.0,3,2,32,9.0
2019,20,15,390000.0,13000.0,3,2,32,2.0
2018,20,37,950000.0,25000.0,3,2,32,3.0
2012,8,167,375000.0,66000.0,3,2,14,9.0
2014,29,141,575000.0,86000.0,1,2,3,7.0
2018,11,40,1650000.0,39500.0,1,2,19,3.0
2004,28,33,500000.0,70500.0,3,2,1,17.0
2011,0,10,1200000.0,44000.0,1,2,10,10.0
2011,7,14,750000.0,65000.0,3,2,7,10.0
2015,29,108,700000.0,50000.0,3,2,3,6.0
2014,1,0,2250000.0,55000.0,1,2,4,7.0
2019,1,3,5190000.0,53000.0,1,2,4,2.0
2019,20,15,390000.0,13000.0,3,2,32,2.0
2012,20,147,300000.0,76000.0,3,2,32,9.0
2017,14,63,3550000.0,80400.0,1,2,18,4.0
2007,1,4,1800000.0,30900.0,3,2,4,14.0
2015,1,5,3800000.0,40500.0,1,2,4,6.0
2018,1,3,4900000.0,39000.0,1,2,4,3.0
2014,1,0,2250000.0,55000.0,1,2,4,7.0
2014,18,160,1050000.0,58200.0,1,2,24,7.0
2019,29,107,2850000.0,25000.0,1,2,3,2.0
2012,28,87,1200000.0,108000.0,1,2,1,9.0
2012,8,167,375000.0,66000.0,3,2,14,9.0
2012,7,38,550000.0,55000.0,3,2,7,9.0
2011,30,153,1150000.0,80000.0,1,2,9,10.0
2019,28,87,2175000.0,39900.0,1,2,1,2.0
2013,29,141,475000.0,66000.0,3,2,3,8.0
2016,20,131,610000.0,15000.0,3,2,32,5.0
2015,8,45,950000.0,79900.0,1,2,14,6.0
2011,8,166,360000.0,22000.0,3,2,14,10.0
2012,0,11,1450000.0,55000.0,1,2,10,9.0
2016,7,38,790000.0,45000.0,3,2,7,5.0
2019,18,160,1650000.0,19900.0,1,2,24,2.0
2019,8,144,1300000.0,4000.0,3,2,14,2.0
2012,21,73,2400000.0,148000.0,1,2,2,9.0
2018,8,56,650000.0,18000.0,3,2,14,3.0
2019,18,160,1650000.0,19900.0,1,2,24,2.0
2012,18,160,800000.0,85000.0,1,2,24,9.0
2013,0,112,2150000.0,83000.0,1,2,10,8.0
2016,7,38,790000.0,45000.0,3,2,7,5.0
2014,8,56,550000.0,52000.0,1,2,14,7.0
2016,20,36,425000.0,35000.0,3,2,32,5.0
2016,28,87,1700000.0,79900.0,1,2,1,5.0
2012,0,11,1450000.0,55000.0,1,2,10,9.0
2018,25,49,925000.0,50000.0,1,2,15,3.0
2015,28,87,1350000.0,85000.0,1,2,1,6.0
2015,21,29,2350000.0,43000.0,1,2,2,6.0
2012,21,73,2400000.0,148000.0,1,2,2,9.0
2015,8,56,575000.0,39000.0,3,2,14,6.0
2018,8,144,1200000.0,19900.0,3,2,14,3.0
2017,20,36,470000.0,51000.0,3,2,32,4.0
2017,14,63,3500000.0,30980.0,1,2,18,4.0
2016,0,110,1395000.0,72000.0,1,2,10,5.0
2014,1,3,2800000.0,27000.0,1,2,4,7.0
2018,8,56,650000.0,18000.0,3,2,14,3.0
2015,20,37,675000.0,62000.0,3,2,32,6.0
2016,8,45,770000.0,175000.0,1,2,14,5.0
2011,23,99,225000.0,51000.0,3,2,11,10.0
2016,8,45,925000.0,40000.0,1,2,14,5.0
2019,8,142,1125000.0,14000.0,3,2,14,2.0
2016,6,53,680000.0,69000.0,3,2,8,5.0
2011,23,99,225000.0,51000.0,3,2,11,10.0
2016,8,45,925000.0,40000.0,1,2,14,5.0
2017,8,81,380000.0,62000.0,1,2,14,4.0
2018,20,37,825000.0,22000.0,3,2,32,3.0
2020,28,87,2550000.0,9500.0,1,2,1,1.0
2015,29,141,700000.0,60000.0,3,2,3,6.0
2012,14,63,2350000.0,63000.0,1,2,18,9.0
2012,8,167,375000.0,66000.0,3,2,14,9.0
2018,0,110,2650000.0,81296.0,1,2,10,3.0
2017,20,25,650000.0,32000.0,3,2,32,4.0
2012,21,29,1400000.0,87500.0,1,2,2,9.0
2017,20,60,910000.0,48000.0,1,2,32,4.0
2019,8,142,1125000.0,14000.0,3,2,14,2.0
2012,8,144,550000.0,52000.0,1,2,14,9.0
2018,8,144,1250000.0,38000.0,1,2,14,3.0
2017,8,56,750000.0,40000.0,1,2,14,4.0
2019,8,45,990000.0,58000.0,1,2,14,2.0
2011,28,87,869999.9999999999,120000.0,1,2,1,10.0
2018,20,37,869999.9999999999,38000.0,3,2,32,3.0
2015,8,166,325000.0,54000.0,3,2,14,6.0
2015,18,134,750000.0,64000.0,1,2,24,6.0
2012,1,148,1385000.0,59000.0,1,2,4,9.0
2010,20,122,240000.0,90000.0,3,2,32,11.0
2008,8,166,250000.0,73000.0,3,2,14,13.0
2016,6,67,475000.0,40000.0,1,2,8,5.0
2016,6,57,2225000.0,65000.0,1,2,8,5.0
2016,25,49,690000.0,70000.0,1,2,15,5.0
2014,8,56,515000.00000000006,29000.0,3,2,14,7.0
2015,8,166,325000.0,54000.0,3,2,14,6.0
2019,12,126,1590000.0,7000.0,3,2,20,2.0
2019,6,53,890000.0,45000.0,1,2,8,2.0
2016,6,57,2090000.0,74000.0,1,2,8,5.0
2012,18,160,750000.0,130000.0,1,2,24,9.0
2016,6,53,575000.0,68000.0,1,2,8,5.0
2017,7,88,725000.0,13000.0,3,2,7,4.0
2016,18,132,675000.0,64000.0,1,2,24,5.0
2011,6,57,950000.0,60000.0,1,2,8,10.0
2017,8,81,550000.0,44000.0,3,2,14,4.0
2017,6,57,2290000.0,61000.0,1,2,8,4.0
2014,28,87,1149000.0,112000.0,1,2,1,7.0
2012,1,148,1385000.0,59000.0,1,2,4,9.0
2017,6,57,2400000.0,90000.0,1,2,8,4.0
2012,18,125,650000.0,135000.0,1,2,24,9.0
2016,1,149,3400000.0,40000.0,1,2,4,5.0
2013,28,87,1250000.0,130000.0,1,2,1,8.0
2019,20,131,600000.0,62000.0,1,2,32,2.0
2017,8,81,380000.0,65000.0,1,2,14,4.0
2012,28,43,650000.0,77000.0,1,2,1,9.0
2013,26,94,625000.0,106000.0,3,2,27,8.0
2016,6,53,750000.0,34000.0,1,2,8,5.0
2015,0,12,4500000.0,57700.0,1,2,10,6.0
2018,28,87,2300000.0,40000.0,1,2,1,3.0
2017,8,81,380000.0,65000.0,1,2,14,4.0
2020,8,139,2500000.0,4500.0,3,2,14,1.0
2015,8,59,320000.0,36000.0,3,2,14,6.0
2019,8,45,1380000.0,32000.0,3,2,14,2.0
2015,8,81,445000.0,65000.0,1,2,14,6.0
2019,20,131,600000.0,62000.0,1,2,32,2.0
2017,30,119,3950000.0,49855.0,3,2,9,4.0
2017,6,100,6500000.0,11100.0,3,2,8,4.0
2016,1,148,2600000.0,37000.0,1,2,4,5.0
2016,10,156,2850000.0,63000.0,1,2,40,5.0
2013,21,97,2400000.0,120000.0,1,2,2,8.0
2017,20,37,785000.0,49000.0,3,2,32,4.0
2017,8,144,875000.0,10001.0,3,2,14,4.0
2015,0,110,2200000.0,76000.0,1,2,10,6.0
2011,28,87,1000000.0,190000.0,1,2,1,10.0
2017,29,108,585000.0,38000.0,3,2,3,4.0
2020,12,127,1450000.0,3000.0,3,2,20,1.0
2017,8,45,1025000.0,37000.0,3,2,14,4.0
2019,8,144,995000.0,17000.0,3,2,14,2.0
2020,1,150,6800000.0,20000.0,3,2,4,1.0
2017,27,84,1075000.0,85000.0,1,2,40,4.0
2012,25,49,525000.0,65000.0,1,2,15,9.0
2015,26,115,790000.0,57000.0,1,2,27,6.0
2017,20,85,485000.0,24000.0,3,2,32,4.0
2018,20,25,690000.0,35000.0,3,2,32,3.0
2018,7,88,750000.0,29000.0,1,2,7,3.0
2018,7,38,990000.0,41000.0,1,2,7,3.0
2019,25,49,1090000.0,16000.0,1,2,15,2.0
2017,6,53,850000.0,44000.0,1,2,8,4.0
2018,28,87,2050000.0,41000.0,1,2,1,3.0
2015,10,156,2200000.0,77000.0,1,2,40,6.0
2014,1,148,1450000.0,63000.0,1,2,4,7.0
2010,26,130,600000.0,104000.0,1,2,27,11.0
2017,26,115,735000.0,112000.0,1,2,27,4.0
2012,28,87,1190000.0,93000.0,1,2,1,9.0
2017,26,104,2000000.0,30000.0,1,2,27,4.0
2019,26,115,1090000.0,30000.0,1,2,27,2.0
2020,29,108,775000.0,16000.0,3,2,3,1.0
2018,28,69,2700000.0,100000.0,1,2,1,3.0
2018,28,87,2050000.0,42500.0,1,2,1,3.0
2017,28,69,2800000.0,420000.0,1,2,1,4.0
2012,21,29,1450000.0,48000.0,1,2,2,9.0
2011,1,0,1275000.0,64000.0,1,2,4,10.0
2018,28,69,2700000.0,100000.0,1,2,1,3.0
2018,28,87,2050000.0,42500.0,1,2,1,3.0
2016,21,77,5200000.0,82420.0,1,2,2,5.0
2011,21,29,1150000.0,73000.0,1,2,2,10.0
2018,21,30,3200000.0,15600.0,1,2,2,3.0
2015,0,9,1850000.0,58600.0,1,2,10,6.0
2019,21,77,7200000.0,58548.0,1,2,2,2.0
2015,1,0,2200000.0,22261.0,1,2,4,6.0
2018,14,48,4400000.0,28800.0,1,2,18,3.0
2017,26,104,2000000.0,30000.0,1,2,27,4.0
2017,7,146,875000.0,43000.0,1,2,7,4.0
2012,0,11,1700000.0,76000.0,1,2,10,9.0
2009,0,10,1025000.0,65000.0,3,2,10,12.0
2014,7,38,785000.0,20000.0,3,2,7,7.0
2016,1,148,2600000.0,36000.0,1,2,4,5.0
2014,6,53,525000.0,73000.0,3,2,8,7.0
2016,8,56,675000.0,12000.0,3,2,14,5.0
2019,6,53,850000.0,23000.0,3,2,8,2.0
2020,0,10,4400000.0,16000.0,1,2,10,1.0
2013,0,11,2100000.0,40000.0,1,2,10,8.0
2012,1,3,1800000.0,82000.0,1,2,4,9.0
2019,18,17,2700000.0,30000.0,1,2,24,2.0
2017,21,51,4500000.0,17000.0,1,2,2,4.0
2007,20,122,175000.0,71488.0,3,13,32,14.0
2018,20,25,630000.0,32228.0,3,13,32,3.0
2021,29,108,1015000.0,11000.0,3,13,3,0.0
2016,20,145,700000.0,83508.0,1,13,32,5.0
2015,29,108,525000.0,40119.0,3,13,3,6.0
2015,17,44,2300000.0,40614.0,1,13,39,6.0
2017,28,87,1795000.0,30889.0,1,13,1,4.0
2015,1,149,2400000.0,85200.0,1,13,4,6.0
2019,20,15,395000.0,10300.0,0,13,32,2.0
2017,8,81,495000.0,43712.0,3,13,14,4.0
2010,8,166,270000.0,75000.0,3,13,14,11.0
2011,20,147,280000.0,48000.0,3,13,32,10.0
2012,7,38,450000.0,71000.0,3,13,7,9.0
2008,8,166,190000.0,77000.0,3,13,14,13.0
2011,20,122,320000.0,72000.0,1,13,32,10.0
2012,20,147,295000.0,56000.0,3,13,32,9.0
2014,20,147,375000.0,20000.0,3,13,32,7.0
2012,29,141,397000.0,59908.0,3,13,3,9.0
2013,7,18,410000.0,60176.0,3,13,7,8.0
2015,8,81,460000.0,50262.0,3,13,14,6.0
2014,25,49,525000.0,93802.0,1,13,15,7.0
2015,6,53,600000.0,99499.0,1,13,8,6.0
2016,8,59,335000.0,23797.0,3,13,14,5.0
2015,8,56,575000.0,42000.0,3,13,14,6.0
2018,21,51,4250000.0,55000.0,1,13,2,3.0
2020,8,139,2600000.0,10000.0,1,13,14,1.0
2017,8,144,675000.0,31414.0,3,13,14,4.0
2016,21,76,3900000.0,93000.0,1,13,2,5.0
2013,8,166,325000.0,29708.0,3,13,14,8.0
2016,8,56,650000.0,24694.0,3,13,14,5.0
2018,8,81,580000.0,9500.0,3,13,14,3.0
2018,20,131,680000.0,22838.0,1,13,32,3.0
2018,27,103,900000.0,16900.0,1,13,40,3.0
2015,20,131,510000.0,26000.0,3,13,32,6.0
2018,20,36,505000.0,78000.0,3,13,32,3.0
2016,20,36,430000.0,83000.0,3,13,32,5.0
2014,23,99,405000.0,52000.0,3,13,11,7.0
2017,20,131,630000.0,95000.0,1,13,32,4.0
2011,20,147,295000.0,70000.0,3,13,32,10.0
2016,8,166,490000.00000000006,46000.0,3,13,14,5.0
2020,7,18,900000.0,8000.0,3,13,7,1.0
2016,20,145,730000.0,83000.0,1,13,32,5.0
2011,20,131,330000.0,79000.0,1,13,32,10.0
2020,7,18,990000.0,7700.0,3,13,7,1.0
2010,7,38,345000.0,83000.0,3,13,7,11.0
2012,7,28,320000.0,47000.0,3,13,7,9.0
2015,7,28,410000.0,19000.0,3,13,7,6.0
2014,20,131,525000.0,64000.0,3,13,32,7.0
2016,29,141,740000.0,67000.0,1,13,3,5.0
2016,20,37,750000.0,79000.0,1,13,32,5.0
2014,7,18,455000.0,70000.0,1,13,7,7.0
2008,27,86,190000.0,35000.0,1,13,40,13.0
2018,7,18,730000.0,18000.0,3,13,7,3.0
2016,7,18,560000.0,72000.0,1,13,7,5.0
2014,7,18,465000.00000000006,97000.0,1,13,7,7.0
2017,28,87,1795000.0,30889.0,1,13,1,4.0
2017,20,131,630000.0,95000.0,1,13,32,4.0
2010,7,38,345000.0,83000.0,3,13,7,11.0
2018,27,103,750000.0,81000.0,3,13,40,3.0
2015,21,117,13000000.0,13000.0,3,13,2,6.0
2016,29,19,540000.0,24372.0,3,13,3,5.0
2015,8,81,515000.00000000006,38660.0,3,13,14,6.0
2010,8,167,355000.0,53216.0,3,13,14,11.0
2014,20,36,385000.0,44463.0,3,13,32,7.0
2011,20,15,220000.00000000003,51921.0,3,13,32,10.0
2011,6,67,215000.0,75732.0,3,13,8,10.0
2015,8,81,435000.0,98265.0,3,13,14,6.0
2016,20,36,420000.0,59105.0,3,13,32,5.0
2011,26,65,250000.0,81428.0,3,13,27,10.0
2011,1,3,1275000.0,91000.0,1,13,4,10.0
2011,21,29,795000.0,81000.0,1,13,2,10.0
2014,1,3,2250000.0,50000.0,1,13,4,7.0
2016,27,165,4500000.0,61352.0,3,13,40,5.0
2020,16,83,1800000.0,17500.0,3,13,81,1.0
2018,10,64,5550000.0,20518.0,1,13,40,3.0
2014,7,18,465000.00000000006,98000.0,1,13,7,7.0
2016,22,106,1550000.0,104248.0,1,13,46,5.0
2013,27,123,575000.0,75000.0,1,13,40,8.0
2012,21,51,1275000.0,72000.0,1,13,2,9.0
2014,28,43,675000.0,99350.0,3,13,1,7.0
2015,22,106,1275000.0,99400.0,1,13,46,6.0
2010,22,105,595000.0,91000.0,3,13,46,11.0
2012,29,107,675000.0,102000.0,1,13,3,9.0
2014,29,108,475000.0,75000.0,1,13,3,7.0
2019,16,83,1825000.0,32000.0,3,13,81,2.0
2014,0,112,2100000.0,71000.0,1,13,10,7.0
2012,10,157,2675000.0,71000.0,3,13,40,9.0
2013,29,46,470000.0,71000.0,1,13,3,8.0
2006,1,151,680000.0,100004.0,3,13,4,15.0
2013,0,10,1380000.0,48000.0,1,13,10,8.0
2014,29,108,528000.0,82000.0,3,13,3,7.0
2013,0,112,2000000.0,67000.0,1,13,10,8.0
2009,21,97,1220000.0,98000.0,3,13,2,12.0
2016,0,11,2450000.0,89000.0,1,13,10,5.0
2014,10,156,1675000.0,99800.0,1,13,40,7.0
2016,14,63,3600000.0,91000.0,1,13,18,5.0
2011,21,29,975000.0,55000.0,1,13,2,10.0
2011,26,163,575000.0,102000.0,1,13,27,10.0
2016,20,118,750000.0,72000.0,1,13,32,5.0
2014,21,51,1950000.0,99000.0,1,13,2,7.0
2017,20,60,850000.0,57218.0,1,13,32,4.0
2018,27,103,910000.0,30000.0,1,13,40,3.0
2018,8,45,1275000.0,55600.0,1,13,14,3.0
2014,20,60,690000.0,77000.0,1,13,32,7.0
2019,20,145,875000.0,61000.0,1,13,32,2.0
2017,20,60,825000.0,95000.0,0,13,32,4.0
2020,25,92,470000.0,13994.0,4,13,15,1.0
2016,20,118,750000.0,72000.0,1,13,32,5.0
2018,8,45,1275000.0,55600.0,1,13,14,3.0
2018,27,103,910000.0,30000.0,1,13,40,3.0
2014,20,60,690000.0,77000.0,1,13,32,7.0
2017,20,60,850000.0,57218.0,1,13,32,4.0
2015,8,81,450000.0,79461.0,3,13,14,6.0
2018,25,49,695000.0,67000.0,1,13,15,3.0
2014,7,28,350000.0,76200.0,3,13,7,7.0
2015,0,111,2100000.0,115000.0,1,13,10,6.0
2012,8,167,335000.0,76000.0,3,13,14,9.0
2010,29,108,295000.0,41000.0,3,13,3,11.0
2013,8,166,340000.0,508881.0,3,13,14,8.0
2017,20,15,390000.0,28696.0,3,13,32,4.0
2017,6,53,675000.0,107079.0,1,13,8,4.0
2013,20,15,280000.0,40409.0,3,13,32,8.0
2013,7,28,295000.0,58203.0,3,13,7,8.0
2018,20,25,640000.0,56948.0,3,13,32,3.0
2016,18,160,1200000.0,145368.0,1,13,24,5.0
2013,29,108,400000.0,110369.0,1,13,3,8.0
2009,20,147,235000.0,17014.0,3,13,32,12.0
2015,20,36,400000.0,59509.0,3,13,32,6.0
2016,20,36,450000.0,31600.0,3,13,32,5.0
2018,20,15,440000.00000000006,6800.0,3,13,32,3.0
2014,6,53,550000.0,32800.0,3,13,8,7.0
2013,21,51,1698999.9999999998,67000.0,1,13,2,8.0
2013,0,110,1375000.0,79000.0,1,13,10,8.0
2015,0,110,1675000.0,100000.0,1,13,10,6.0
2012,20,15,225000.0,89000.0,0,13,32,9.0
2008,1,149,599000.0,170306.0,3,13,4,13.0
2015,8,59,300000.0,11500.0,3,13,14,6.0
2019,28,69,3800000.0,13500.0,1,13,1,2.0
2007,8,124,110000.0,87000.0,3,13,14,14.0
2015,29,108,525000.0,40119.0,3,13,3,6.0
2017,26,115,675000.0,108500.0,1,13,27,4.0
2010,7,38,400000.0,118000.0,3,13,7,11.0
2011,6,67,285000.0,70738.0,1,13,8,10.0
2009,7,32,481000.0,117136.0,3,13,7,12.0
2017,0,112,5500000.0,55000.0,1,13,10,4.0
2016,8,167,598000.0,42000.0,3,13,14,5.0
2014,21,117,4600000.0,47000.0,1,13,2,7.0
2014,7,38,650000.0,124000.0,1,13,7,7.0
2015,8,161,425000.0,81911.0,3,13,14,6.0
2015,20,15,310000.0,34308.0,0,13,32,6.0
2014,20,36,445000.0,56030.0,0,13,32,7.0
2013,20,131,440000.00000000006,89869.0,3,13,32,8.0
2014,3,26,210000.0,74873.0,3,13,12,7.0
2018,27,103,725000.0,82169.0,1,13,40,3.0
2011,8,166,275000.0,62000.0,3,13,14,10.0
2016,21,51,2900000.0,44500.0,1,13,2,5.0
2013,0,10,1700000.0,45477.0,1,13,10,8.0
2013,8,144,530000.0,45588.0,3,13,14,8.0
2013,20,15,275000.0,56498.0,3,13,32,8.0
2012,7,28,275000.0,39877.0,3,13,7,9.0
2018,20,85,450000.0,29628.0,3,13,32,3.0
2011,18,160,520000.0,75000.0,1,13,24,10.0
2012,3,47,405000.0,87387.0,1,13,12,9.0
2015,21,51,2740000.0,63000.0,1,13,2,6.0
2018,20,50,750000.0,83074.0,1,13,32,3.0
2018,18,91,450000.0,60484.0,3,13,24,3.0
2013,1,0,1425000.0,74000.0,1,13,4,8.0
2018,8,166,575000.0,12000.0,3,13,14,3.0
2012,26,115,400000.0,58000.0,1,13,27,9.0
2013,0,11,1650000.0,67000.0,1,13,10,8.0
2017,8,81,490000.00000000006,38500.0,3,13,14,4.0
2018,8,144,1150000.0,66563.0,1,13,14,3.0
2019,17,42,5300000.0,700.0,3,13,39,2.0
2017,20,60,925000.0,39000.0,1,13,32,4.0
2010,28,69,1075000.0,141000.0,1,13,1,11.0
2015,28,87,1000000.0,142502.0,1,13,1,6.0
2019,27,82,1650000.0,49997.0,1,13,40,2.0
2019,20,131,675000.0,11233.0,3,13,32,2.0
2018,20,50,850000.0,77000.0,1,13,32,3.0
2019,17,42,5300000.0,700.0,3,13,39,2.0
2018,8,144,1150000.0,66563.0,1,13,14,3.0
2013,0,11,1650000.0,67000.0,1,13,10,8.0
2012,26,115,400000.0,58000.0,1,13,27,9.0
2017,8,81,490000.00000000006,38500.0,3,13,14,4.0
2016,28,87,1150000.0,132000.0,1,13,1,5.0
2017,20,60,925000.0,39000.0,1,13,32,4.0
2019,29,141,1250000.0,12000.0,1,13,3,2.0
2015,7,88,620000.0,65000.0,1,13,7,6.0
2010,7,38,330000.0,72000.0,3,13,7,11.0
2015,1,149,2400000.0,85200.0,1,13,4,6.0
2015,20,131,510000.0,30000.0,3,13,32,6.0
2016,1,151,3800000.0,53000.0,1,13,4,5.0
2016,20,15,345000.0,37000.0,3,13,32,5.0
2020,1,5,11500000.0,9000.0,1,13,4,1.0
2011,18,160,520000.0,75000.0,1,13,24,10.0
2012,3,47,405000.0,87387.0,1,13,12,9.0
2018,28,87,1650000.0,103357.0,1,13,1,3.0
2021,29,108,1015000.0,11000.0,3,13,3,0.0
2015,28,33,1651000.0000000002,81000.0,3,13,1,6.0
2018,0,110,2750000.0,33000.0,1,13,10,3.0
2015,28,33,1651000.0000000002,81000.0,3,13,1,6.0
2017,30,120,3800000.0,50000.0,1,13,9,4.0
2013,27,102,140000.0,10000.0,3,13,40,8.0
2011,27,102,95000.0,48405.0,3,13,40,10.0
2009,20,147,250000.0,52080.0,3,13,32,12.0
2018,20,145,915000.0,62665.0,1,13,32,3.0
2017,27,84,1330000.0,49558.0,1,13,40,4.0
2009,20,15,185000.0,31632.0,3,13,32,12.0
2013,20,15,260000.0,61923.0,3,13,32,8.0
2016,8,81,520000.0,49899.0,3,13,14,5.0
2014,20,36,385000.0,49606.0,3,13,32,7.0
2014,29,90,680000.0,57770.0,1,13,3,7.0
2007,21,117,1290000.0,68500.0,1,13,2,14.0
2016,8,45,1050000.0,75106.0,1,13,14,5.0
2018,10,64,4350000.0,55200.0,1,13,40,3.0
2015,17,44,2300000.0,40614.0,1,13,39,6.0
2019,20,131,710000.0,12500.0,3,13,32,2.0
2015,6,53,700000.0,51985.0,3,13,8,6.0
2019,20,60,950000.0,60878.0,4,13,32,2.0
2011,29,141,320000.0,63000.0,3,13,3,10.0
2014,29,108,400000.0,67500.0,3,13,3,7.0
2016,7,38,635000.0,51000.0,3,13,7,5.0
2016,28,62,525000.0,102000.0,1,13,1,5.0
2019,8,56,750000.0,53347.0,3,13,14,2.0
2019,20,60,950000.0,60878.0,4,13,32,2.0
2007,21,117,1290000.0,68500.0,1,13,2,14.0
2018,8,45,1475000.0,42000.0,1,13,14,3.0
2018,10,64,4350000.0,55200.0,1,13,40,3.0
2019,20,131,710000.0,12500.0,3,13,32,2.0
2018,6,57,3000000.0,27000.0,1,13,8,3.0
2016,20,37,640000.0,28000.0,3,13,32,5.0
2018,8,59,360000.0,33000.0,3,13,14,3.0
2010,20,15,165000.0,38000.0,3,13,32,11.0
2017,8,45,999000.0,49000.0,1,13,14,4.0
2014,7,38,565000.0,24010.0,3,13,7,7.0
2020,8,45,1725000.0,13000.0,1,13,14,1.0
2014,18,160,775000.0,90000.0,1,13,24,7.0
2009,20,147,180000.0,55000.0,3,13,32,12.0
2012,28,62,355000.0,55000.0,1,13,1,9.0
2012,20,60,575000.0,56011.0,1,13,32,9.0
2017,7,38,960000.0,49000.0,3,13,7,4.0
2021,6,53,950000.0,3681.0,1,13,8,0.0
2015,8,59,290000.0,38000.0,3,13,14,6.0
2011,2,41,7500000.0,36000.0,3,13,44,10.0
2008,19,96,185000.0,142522.0,1,13,24,13.0
1990,18,89,325000.0,18581.0,1,13,24,31.0
2017,8,45,1395000.0,31028.0,1,13,14,4.0
